{
  "citations" : [ {
    "@id" : "https://pharmgkb.org/literature/7283333",
    "@context" : "https://api.pharmgkb.org/jsonld/literature.jsonld",
    "id" : 7283333,
    "resourceId" : "21412232",
    "title" : "Pharmacogenetics: from bench to byte--an update of guidelines.",
    "_sameAs" : "https://www.ncbi.nlm.nih.gov/pubmed/21412232",
    "authors" : [ "Swen J J", "Nijenhuis M", "de Boer A", "Grandia L", "Maitland-van der Zee A H", "Mulder H", "Rongen G A P J M", "van Schaik R H N", "Schalekamp T", "Touw D J", "van der Weide J", "Wilffert B", "Deneer V H M", "Guchelaar H-J" ],
    "crossReferences" : [ {
      "@id" : "https://pharmgkb.org/crossReference/pubMed/21412232",
      "@context" : "https://api.pharmgkb.org/jsonld/crossReference.jsonld",
      "id" : 769250885,
      "resource" : "PubMed",
      "resourceId" : "21412232",
      "_url" : "https://www.ncbi.nlm.nih.gov/pubmed/21412232",
      "version" : 0
    }, {
      "@id" : "https://pharmgkb.org/crossReference/doi/10.1038/clpt.2011.34",
      "@context" : "https://api.pharmgkb.org/jsonld/crossReference.jsonld",
      "id" : 1449247827,
      "resource" : "DOI",
      "resourceId" : "10.1038/clpt.2011.34",
      "_url" : "http://dx.doi.org/10.1038%2Fclpt.2011.34",
      "version" : 0
    } ],
    "hasKeyword" : true,
    "journal" : "Clinical pharmacology and therapeutics",
    "meshDiseases" : [ ],
    "meshTerms" : [ "Animals", "Aryl Hydrocarbon Hydroxylases", "Cytochrome P-450 CYP2C9", "Drug Administration Schedule", "Drug-Related Side Effects and Adverse Reactions", "Humans", "Pharmaceutical Preparations", "Pharmacogenetics", "Practice Guidelines as Topic" ],
    "month" : 5,
    "nonHuman" : false,
    "objCls" : "Literature",
    "page" : "662-73",
    "pediatric" : false,
    "pgkbPublication" : false,
    "pubDate" : "2011-05-01T00:00:00-07:00",
    "summary" : "Currently, there are very few guidelines linking the results of pharmacogenetic tests to specific therapeutic recommendations. Therefore, the Royal Dutch Association for the Advancement of Pharmacy established the Pharmacogenetics Working Group with the objective of developing pharmacogenetics-based therapeutic (dose) recommendations. After systematic review of the literature, recommendations were developed for 53 drugs associated with genes coding for CYP2D6, CYP2C19, CYP2C9, thiopurine-S-methyltransferase (TPMT), dihydropyrimidine dehydrogenase (DPD), vitamin K epoxide reductase (VKORC1), uridine diphosphate glucuronosyltransferase 1A1 (UGT1A1), HLA-B44, HLA-B*5701, CYP3A5, and factor V Leiden (FVL).",
    "type" : "Article",
    "version" : 2,
    "volume" : "89",
    "year" : 2011
  } ],
  "guideline" : {
    "@id" : "https://pharmgkb.org/guidelineAnnotation/PA166104939",
    "@context" : "https://api.pharmgkb.org/jsonld/guidelineAnnotation.jsonld",
    "objCls" : "Guideline Annotation",
    "id" : "PA166104939",
    "name" : "Annotation of DPWG Guideline for fluorouracil and DPYD",
    "cancerGenome" : false,
    "crossReferences" : [ ],
    "descriptiveVideoId" : "",
    "guidelineGenes" : [ ],
    "history" : [ {
      "id" : 1183704473,
      "date" : "2011-08-10T00:00:00-07:00",
      "type" : "Create",
      "version" : 0
    }, {
      "id" : 1450414980,
      "date" : "2019-05-23T11:23:35.569-07:00",
      "description" : "Annotation current with November 2018 DPWG Guideline release",
      "type" : "Update",
      "version" : 0
    }, {
      "id" : 1450820645,
      "date" : "2019-10-03T13:13:15.174-07:00",
      "description" : "Changes based on August 2019 guideline",
      "type" : "Update",
      "version" : 0
    }, {
      "id" : 1450956401,
      "date" : "2020-01-31T13:30:28.156-08:00",
      "description" : "Updated link to 2011 DPWG methods",
      "type" : "Update",
      "version" : 0
    }, {
      "id" : 1450965842,
      "date" : "2020-02-13T09:58:53.342-08:00",
      "description" : "Added text and links to DPYD guideline individual paper PMID: 31745289",
      "type" : "Update",
      "version" : 0
    } ],
    "literature" : [ {"@id":"https://pharmgkb.org/literature/15104402","@context":"https://api.pharmgkb.org/jsonld/literature.jsonld","id":15104402,"resourceId":"31745289","title":"Dutch Pharmacogenetics Working Group (DPWG) guideline for the gene-drug interaction of DPYD and fluoropyrimidines.","_sameAs":"https://www.ncbi.nlm.nih.gov/pubmed/31745289","crossReferences":[{"@id":"https://pharmgkb.org/crossReference/pubMed/31745289","@context":"https://api.pharmgkb.org/jsonld/crossReference.jsonld","id":1450964680,"resource":"PubMed","resourceId":"31745289","_url":"https://www.ncbi.nlm.nih.gov/pubmed/31745289"},{"@id":"https://pharmgkb.org/crossReference/doi/10.1038/s41431-019-0540-0","@context":"https://api.pharmgkb.org/jsonld/crossReference.jsonld","id":1450964681,"resource":"DOI","resourceId":"10.1038/s41431-019-0540-0","_url":"http://dx.doi.org/10.1038%2Fs41431-019-0540-0"}],"objCls":"Literature","type":"Article"}, {"@id":"https://pharmgkb.org/literature/7283333","@context":"https://api.pharmgkb.org/jsonld/literature.jsonld","id":7283333,"resourceId":"21412232","title":"Pharmacogenetics: from bench to byte--an update of guidelines.","_sameAs":"https://www.ncbi.nlm.nih.gov/pubmed/21412232","crossReferences":[{"@id":"https://pharmgkb.org/crossReference/pubMed/21412232","@context":"https://api.pharmgkb.org/jsonld/crossReference.jsonld","id":769250885,"resource":"PubMed","resourceId":"21412232","_url":"https://www.ncbi.nlm.nih.gov/pubmed/21412232"},{"@id":"https://pharmgkb.org/crossReference/doi/10.1038/clpt.2011.34","@context":"https://api.pharmgkb.org/jsonld/crossReference.jsonld","id":1449247827,"resource":"DOI","resourceId":"10.1038/clpt.2011.34","_url":"http://dx.doi.org/10.1038%2Fclpt.2011.34"}],"objCls":"Literature","type":"Article"}, {"@id":"https://pharmgkb.org/literature/15103288","@context":"https://api.pharmgkb.org/jsonld/literature.jsonld","id":15103288,"resourceId":"https://www.knmp.nl/downloads/pharmacogenetic-recommendations-august-2019.pdf","title":"Dutch Pharmacogenetics Working Group Guidelines August 2019","_sameAs":"https://www.knmp.nl/downloads/pharmacogenetic-recommendations-august-2019.pdf","crossReferences":[{"@id":"https://pharmgkb.org/crossReference/url/https://www.knmp.nl/downloads/pharmacogenetic-recommendations-august-2019.pdf","@context":"https://api.pharmgkb.org/jsonld/crossReference.jsonld","id":1450815695,"resource":"URL","resourceId":"https://www.knmp.nl/downloads/pharmacogenetic-recommendations-august-2019.pdf","_url":"https://www.knmp.nl/downloads/pharmacogenetic-recommendations-august-2019.pdf"}],"objCls":"Literature","type":"Web Page"}, {"@id":"https://pharmgkb.org/literature/15102465","@context":"https://api.pharmgkb.org/jsonld/literature.jsonld","id":15102465,"resourceId":"https://www.knmp.nl/downloads/pharmacogenetic-recommendations-november-2018.pdf","title":"Dutch Pharmacogenetics Working Group Guidelines November 2018","_sameAs":"https://www.knmp.nl/downloads/pharmacogenetic-recommendations-november-2018.pdf","crossReferences":[{"@id":"https://pharmgkb.org/crossReference/url/https://www.knmp.nl/downloads/pharmacogenetic-recommendations-november-2018.pdf","@context":"https://api.pharmgkb.org/jsonld/crossReference.jsonld","id":1450415575,"resource":"URL","resourceId":"https://www.knmp.nl/downloads/pharmacogenetic-recommendations-november-2018.pdf","_url":"https://www.knmp.nl/downloads/pharmacogenetic-recommendations-november-2018.pdf"}],"objCls":"Literature","type":"Web Page"} ],
    "pediatric" : false,
    "recommendation" : true,
    "relatedAlleles" : [ ],
    "relatedChemicals" : [ {
      "@id" : "https://pharmgkb.org/chemical/PA128406956",
      "@context" : "https://api.pharmgkb.org/jsonld/chemical.jsonld",
      "objCls" : "Chemical",
      "id" : "PA128406956",
      "name" : "fluorouracil",
      "version" : 15
    } ],
    "relatedGenes" : [ {
      "@id" : "https://pharmgkb.org/gene/PA145",
      "@context" : "https://api.pharmgkb.org/jsonld/gene.jsonld",
      "objCls" : "Gene",
      "id" : "PA145",
      "symbol" : "DPYD",
      "name" : "dihydropyrimidine dehydrogenase",
      "version" : 6907
    } ],
    "source" : "Dutch Pharmacogenetics Working Group",
    "summaryMarkdown" : {
      "id" : 1447981858,
      "html" : "<p>An alternative drug to fluorouracil is recommended for patients with a DPYD activity score of 0; if an alternative drug is not possible, the DPD activity should be determined and the initial dose adjusted accordingly. For patients with a DPYD activity score of 1 or 1.5, start with 50% of the standard dose or choose an alternative drug; adjustment of subsequent doses should be guided by toxicity and effectiveness. Patients with two partially functional alleles or one non-functional and one partially functional allele or two gene variants leading to partially functional alleles or a gene variant leading to a non-functional allele and a gene variant leading to a partially functional allele should have their DPD activity determined or should avoid fluorouracil/capecitabine. Tegafur is not an alternative for fluorouracil, as it is also metabolized by DPD. The DPWG evaluated DPYD genotyping as &quot;essential&quot; and recommend DPYD testing prior to initiating fluoropyrimidines.</p>\n",
      "version" : 5
    },
    "summaryVideoId" : "",
    "terms" : [ ],
    "textMarkdown" : {
      "id" : 1447981857,
      "html" : "<h3 id=\"dutch-pharmacogenetics-working-group-dpwg-guideline-for-the-gene-drug-interaction-of-dpyd-and-fluoropyrimidines-european-journal-of-human-genetics-2019\">Dutch Pharmacogenetics Working Group (DPWG) guideline for the gene-drug interaction of DPYD and fluoropyrimidines. <em>European journal of human genetics (2019)</em></h3>\n<p>The Royal Dutch Pharmacists Association - Pharmacogenetics Working Group published a paper with the guidelines as per the August 2019 update including more details and scoring the clinical implementation <a href=\"/literature/15104402\">PMID: 31745289</a>.</p>\n<h3 id=\"august-2019-update\">August 2019 Update</h3>\n<p>The Royal Dutch Pharmacists Association - Pharmacogenetics Working Group has evaluated therapeutic dose recommendations for fluorouracil and capecitabine based on DPYD genotype. An alternative drug or reduction in dose is recommended for patients with DPYD activity scores of 0, 1 and 1.5. Patients with genotypes defined by the FENO group should have their DPD activity determined or should avoid fluorouracil/capecitabine. Tegafur is not an alternative, as it is also metabolized by DPD.</p>\n<p><em>Wording in table taken from the <a rel=\"noopener noreferrer\" href=\"https://www.knmp.nl/downloads/pharmacogenetic-recommendations-august-2019.pdf\" target=\"_blank\">Dutch guidelines August 2019 update</a>.</em></p>\n<table class=\"table\">\n<thead>\n<tr><th>Allele/Genotype/Phenotype</th><th>Drug</th><th>Description</th><th>Recommendation</th></tr>\n</thead>\n<tbody>\n<tr><td>Activity Score 0</td><td>fluorouracil, cutaneous</td><td>The gene variation increases the risk of severe, potentially fatal toxicity. A reduced conversion of fluorouracil/capecitabine to inactive metabolites means that the normal dose is an overdose.</td><td>Avoid fluorouracil.<br/><em>NOTE: If a patient has two different genetic variations that lead to a non-functional DPD enzyme (e.g. *2A and* 13), this recommendation only applies if the variations are on a different allele. If both variations are on the same allele, this patient actually has gene activity score 1, for which no increased risk of severe, potentially fatal toxicity has been found with cutaneous use. These two situations can only be distinguished by determining the enzyme activity (phenotyping). This recommendation only applies if the patient has virtually no enzyme activity</em></td></tr>\n<tr><td>Activity Score 0</td><td>fluorouracil/capecitabine, systemic</td><td>The gene variation increases the risk of severe, potentially fatal toxicity. A reduced conversion of fluorouracil/capecitabine to inactive metabolites means that the standard dose is a more than 100-fold overdose.</td><td>1. Avoid fluorouracil and capecitabine. Tegafur is not an alternative, as this is also metabolised by DPD.<br/>2. If if is not possible to avoid fluorouracil and capecitabine: determine the residual DPD activity in mononuclear cells from peripheral blood and adjust the initial dose accordingly. A patient with 0.5% of the normal DPD activity tolerated 0.8% of the standard dose (150 mg capecitabine every 5 days). A patient with undetectable DPD activity tolerated 0.43% of the standard dose (150 mg capecitabine every 5 days with every third dose skipped).</td></tr>\n<tr><td>Activity Score 1</td><td>fluorouracil/capecitabine</td><td>The gene variation increases the risk of severe, potentially fatal toxicity. A reduced conversion of fluorouracil/capecitabine to inactive metabolites means that the normal dose is an overdose.</td><td>Start with 50% of the standard dose or avoid fluorouracil and capecitabine. Adjustment of the subsequent dose should be guided by toxicity and effectiveness. However, in one study involving 17 patients with gene activity 1, the average dose after titration was 57% of the standard dose. Tegafur is not an alternative, as this is also metabolised by DPD.</td></tr>\n<tr><td>Activity Score 1.5</td><td>fluorouracil/capecitabine</td><td>The gene variation increases the risk of severe, potentially fatal toxicity. A reduced conversion of fluorouracil/capecitabine to inactive metabolites means that the normal dose is an overdose.</td><td>Start with 50% of the standard dose or avoid fluorouracil and capecitabine. After starting treatment, the dose should be adjusted based on toxicity and effectiveness. In a study involving 17 patients with genotype <em>1/2846T</em>, the average dose after titration was 64% of the standard dose. For 51 patients with genotype <em>1/1236A</em>, the average dose after titration was 74% of the standard dose. Tegafur is not an alternative, as this is also metabolised by DPD.</td></tr>\n<tr><td>FENO</td><td>fluorouracil/capecitabine</td><td>The gene variation increases the risk of severe, potentially fatal, toxicity. A reduced conversion of fluorouracil/capecitabine to inactive metabolites means that the normal dose is an overdose.</td><td>It is not possible to recommend a dose adjustment for this patient based on the genotype only.<br/>Determine the residual DPD activity in mononuclear cells from peripheral blood and adjust the initial dose based on phenotype and genotype, or avoid fluorouracil and capecitabine. Tegafur is not an alternative, as this is also metabolized by DPD.</td></tr>\n</tbody>\n</table>\n<p><a rel=\"noopener noreferrer\" href=\"https://www.g-standaard.nl/risicoanalyse/B0006192.PDF\" target=\"_blank\">Read for more information about this recommendation</a>, <a rel=\"noopener noreferrer\" href=\"https://www.knmp.nl/producten/gebruiksrecht-g-standaard/medicatiebewaking-g-standaard/background-information-pharmacogenetics\" target=\"_blank\">Read about gene information from DPWG</a></p>\n<h3 id=\"november-2018-update\">November 2018 Update</h3>\n<p>The Royal Dutch Pharmacists Association - Pharmacogenetics Working Group has evaluated therapeutic dose recommendations for fluorouracil and capecitabine based on DPYD genotype. An alternative drug or reduction in dose is recommended for patients with DPYD activity scores of 0, 0.5, 1 and 1.5. Tegafur is not an alternative, as it is also metabolized by DPD.</p>\n<p><em>Wording in table taken from the <a href=\"https://api.pharmgkb.org/v1/download/file/attachment/DPWG_November_2018.pdf\">Dutch guidelines November 2018 update</a>.</em></p>\n<table class=\"table\">\n<thead>\n<tr><th>Allele/Genotype/Phenotype</th><th>Drug</th><th>Description</th><th>Recommendation</th></tr>\n</thead>\n<tbody>\n<tr><td>Activity Score 0</td><td>fluorouracil, cutaneous</td><td>Genetic variation increases the risk of severe, potentially fatal toxicity. A reduced conversion of fluorouracil/capecitabine to inactive metabolites means that the normal dose is an overdose.</td><td>Choose an alternative.<br/><em>NOTE: If a patient has two different genetic variations that lead to a non-functional DPD enzyme (e.g. *2A and* 13), this recommendation only applies if the variations are on a different allele. If both variations are on the same allele, this patient has gene activity score 1, for which no increased risk of severe, potentially fatal toxicity has been found with cutaneous use. These two situations can only be distinguished by determining the enzyme activity (phenotyping).</em></td></tr>\n<tr><td>Activity Score 0</td><td>fluorouracil/capecitabine, systemic</td><td>Genetic variation increases the risk of severe, potentially fatal toxicity. A reduced conversion of fluorouracil/capecitabine to inactive metabolites means that the standard dose is a more than 100-fold overdose.</td><td>1. Choose an alternative. Tegafur is not an alternative, as this is also metabolised by DPD.<br/>2. If an alternative is not possible: determine the residual DPD activity in mononuclear cells from peripheral blood and adjust the initial dose accordingly. A patient with 0.5% of the normal DPD activity tolerated 0.8% of the standard dose (150 mg capecitabine every 5 days). A patient with undetectable DPD activity tolerated 0.43% of the standard dose (150 mg capecitabine every 5 days with every third dose skipped). The average Caucasian DPD activity is 9.9 nmol/hour per mg protein. Or, adjust the initial dose based on toxicity and efficacy.<br/><em>NOTE: If a patient has two different genetic variations that lead to a non-functional DPD enzyme (e.g. *2A and *13), this recommendation only applies if the variations are on a different allele. If both variations are on the same allele, this patient has gene activity score 1 and the recommendation for that gene activity score should be followed. These two situations can only be distinguished by determining the enzyme activity (phenotyping).</em></td></tr>\n<tr><td>Activity Score 0.5</td><td>fluorouracil/capecitabine</td><td>Genetic variation increases the risk of severe, potentially fatal toxicity. A reduced conversion of fluorouracil/capecitabine to inactive metabolites means that the normal dose is an overdose.</td><td>Start with 25% of the standard dose or choose an alternative. Adjustment of the initial dose should be guided by toxicity and effectiveness. Tegafur is not an alternative, as this is also metabolised by DPD.<br/><em>NOTE: This recommendation only applies if the two genetic variations are on a different allele. If both variations are on the same allele, this patient has gene activity score 1 and the recommendation for that gene activity score should be followed. These two situations can only be distinguished by determining the enzyme activity (phenotyping).</em></td></tr>\n<tr><td>Activity Score 1</td><td>fluorouracil/capecitabine</td><td>Genetic variation increases the risk of severe, potentially fatal toxicity. A reduced conversion of fluorouracil/capecitabine to inactive metabolites means that the normal dose is an overdose.</td><td>Start with 50% of the standard dose or choose an alternative. Adjustment of the initial dose should be guided by toxicity and effectiveness. Tegafur is not an alternative, as this is also metabolised by DPD.<br/><em>NB1: The dose reduction described here is well substantiated for *1/*2A and 1236A/1236A. The dose reduction for patients with 2846T (2846T/2846T or 1236A/2846T) is based on, among other factors, the dose reductions identified for *1/2846T.</em><br/><em>NB2: If a patient has two different genetic variations that result in a partially functional DPD enzyme (e.g. 2846T and 1236A), this recommendation applies if the variations are on a different allele. If both variations are on the same allele, the gene activity score is between 1 and 1.5, depending on whether and how the two gene variations influence each other and on other factors that influence the DPD activity. Whether a gene activity score of 1 or 1.5 needs to be assigned in the case of two different genetic variations can only be determined by measuring the enzyme activity (phenotyping).</em></td></tr>\n<tr><td>Activity Score 1.5</td><td>fluorouracil/capecitabine</td><td>Genetic variation increases the risk of severe, potentially fatal toxicity. A reduced conversion of fluorouracil/capecitabine to inactive metabolites means that the normal dose is an overdose.</td><td>Start with 75% of the standard dose or choose an alternative. Adjustment of the initial dose should be guided by toxicity and effectiveness. Tegafur is not an alternative, as this is also metabolised by DPD.</td></tr>\n</tbody>\n</table>\n<p><a rel=\"noopener noreferrer\" href=\"https://www.g-standaard.nl/risicoanalyse/B0002551.PDF\" target=\"_blank\">Read for more information about this recommendation</a>, <a rel=\"noopener noreferrer\" href=\"https://www.knmp.nl/producten/gebruiksrecht-g-standaard/medicatiebewaking-g-standaard/background-information-pharmacogenetics\" target=\"_blank\">Read about gene information from DPWG</a></p>\n<h3 id=\"2011-guideline\">2011 Guideline</h3>\n<p>The Royal Dutch Pharmacists Association - Pharmacogenetics Working Group has evaluated therapeutic dose recommendations for fluorouracil based on DPYD genotype [Article:<a href=\"/pmid/21412232\">21412232</a>].  They recommend that an alternate drug be used for poor metabolizer patients, and a reduced dose or alternate drug for intermediate metabolizer patients.</p>\n<table class=\"table\">\n<thead>\n<tr><th>Phenotype (Genotype)</th><th>Therapeutic Dose Recommendation</th><th>Level of Evidence</th><th>Clinical Relevance</th></tr>\n</thead>\n<tbody>\n<tr><td>PM (2 inactive alleles, 2 decreased activity alleles, or one inactive and one decreased activity alleles)</td><td>Select alterantive drug.  Tegafur is not a suitable alternative because this drug is also metabolized by DPD.</td><td>Published controlled studies of moderate quality* relating to phenotyped and/or genotyped patients or healthy volunteers, and having relevant pharmacokinetic or clinical endpoints.</td><td>Clinical effect (S): death; arrhythmia; unanticipated myelosuppression.</td></tr>\n<tr><td>IM (1 active allele and 1 inactive or decreased activity allele)</td><td>Reduce dose by 50% or select alternative drug.  Tegafur is not a suitable alternative because this drug is also a substrate for DPD.  Increase dose in response to toxicity and efficacy.</td><td>Published controlled studies of moderate quality* relating to phenotyped and/or genotyped patients or healthy volunteers, and having relevant pharmacokinetic or clinical endpoints.</td><td>Clinical effect (S): death; arrhythmia; unanticipated myelosuppression.</td></tr>\n</tbody>\n</table>\n<table class=\"table\">\n<thead>\n<tr><th>Allele Type</th><th>Alleles</th></tr>\n</thead>\n<tbody>\n<tr><td>active</td><td>*1, *4, *5, *6, *9A</td></tr>\n<tr><td>decreased activity</td><td>*9B, *10</td></tr>\n<tr><td>inactive</td><td>*2A, *3, *7, *8, *11, *12, *13, 496A&gt;G, IVS10-15T&gt;C, 1156G&gt;T, 1845G&gt;T</td></tr>\n</tbody>\n</table>\n<ul>\n<li>*See <a href=\"http://www.pharmgkb.org/page/dpwg\">Methods </a> or [Article:<a href=\"/pmid/18253145\">18253145</a>] for definition of &quot;moderate&quot; quality.</li>\n<li>S: statistically significant difference.</li>\n</ul>\n",
      "version" : 13
    },
    "userId" : "carrillo",
    "version" : 23
  }
}