{
  "guideline" : {
    "@id" : "https://pharmgkb.org/guidelineAnnotation/PA166202801",
    "@context" : "https://api.pharmgkb.org/jsonld/guidelineAnnotation.jsonld",
    "objCls" : "Guideline Annotation",
    "id" : "PA166202801",
    "name" : "Annotation of PRO Guideline for tamoxifen and CYP2D6",
    "cancerGenome" : false,
    "crossReferences" : [ ],
    "descriptiveVideoId" : "",
    "guidelineGenes" : [ ],
    "history" : [ {
      "id" : 1451136561,
      "date" : "2020-05-13T00:00:00-07:00",
      "description" : "Approving to live",
      "type" : "Note",
      "version" : 0
    } ],
    "literature" : [ {"@id":"https://pharmgkb.org/literature/15109202","@context":"https://api.pharmgkb.org/jsonld/literature.jsonld","id":15109202,"resourceId":"28262261","title":"Pharmacogenetics of anti-cancer drugs: State of the art and implementation - recommendations of the French National Network of Pharmacogenetics.","_sameAs":"https://www.ncbi.nlm.nih.gov/pubmed/28262261","crossReferences":[{"@id":"https://pharmgkb.org/crossReference/pubMed/28262261","@context":"https://api.pharmgkb.org/jsonld/crossReference.jsonld","id":1451127600,"resource":"PubMed","resourceId":"28262261","_url":"https://www.ncbi.nlm.nih.gov/pubmed/28262261"},{"@id":"https://pharmgkb.org/crossReference/doi/10.1016/j.therap.2017.01.005","@context":"https://api.pharmgkb.org/jsonld/crossReference.jsonld","id":1451127601,"resource":"DOI","resourceId":"10.1016/j.therap.2017.01.005","_url":"http://dx.doi.org/10.1016%2Fj.therap.2017.01.005"}],"objCls":"Literature","type":"Article"} ],
    "pediatric" : false,
    "recommendation" : false,
    "relatedAlleles" : [ ],
    "relatedChemicals" : [ {
      "@id" : "https://pharmgkb.org/chemical/PA451581",
      "@context" : "https://api.pharmgkb.org/jsonld/chemical.jsonld",
      "objCls" : "Chemical",
      "id" : "PA451581",
      "name" : "tamoxifen",
      "version" : 21
    } ],
    "relatedGenes" : [ {
      "@id" : "https://pharmgkb.org/gene/PA128",
      "@context" : "https://api.pharmgkb.org/jsonld/gene.jsonld",
      "objCls" : "Gene",
      "id" : "PA128",
      "symbol" : "CYP2D6",
      "name" : "cytochrome P450 family 2 subfamily D member 6",
      "version" : 7889
    } ],
    "source" : "Professional Society",
    "summaryMarkdown" : {
      "id" : 1451129500,
      "html" : "<p>The French National Network of Pharmacogenetics (Réseau national de pharmacogénétique (RNPGx)) states that there is no recommendation\nfor genotyping CYP2D6 in all patients starting a tamoxifen regimen.</p>\n",
      "version" : 0
    },
    "summaryVideoId" : "",
    "terms" : [ ],
    "textMarkdown" : {
      "id" : 1451129501,
      "html" : "<p>The French National Network of Pharmacogenetics (RNPGx) publication about the state of the art and clinical implementation — recommendations from the French National Network of Pharmacogenetics for anti-cancer drugs states:</p>\n<blockquote class=\"blockquote\">\n<p>Tamoxifen is indicated for the treatment of patients\nwith breast cancer in an adjuvant or metastasis context.\nTamoxifen requires bioactivation into the active metabolites 4-hydroxytamaxifen and endoxifen (N-demethyl-4-\nhydroxytamoxifen). CYP2D6, controlling the limiting step\nfor the formation of endoxifen and 4-hydroxytamoxifen, is\na highly polymorphous gene. There are three metabolizer\nphenotypes: extensive, intermediate and slow. Between\n2005 and 2010, a certain number of studies demonstrated\nthat patients with the intermediate or slow metabolizer phenotype had lower survival rates compared with patients with\nan extensive metabolizer phenotype due to less pronounced\nformation of the active metabolite [Article:<a href=\"/pmid/19809024\">19809024</a>][Article:<a href=\"/pmid/16361630\">16361630</a>]. Subsequently,\nhighly conflicting results were published on this question\n[Article:<a href=\"/pmid/22395643\">22395643</a>][Article:<a href=\"/pmid/22395644\">22395644</a>][Article:<a href=\"/pmid/24060820\">24060820</a>] such that to date there is no recommendation\nfor genotyping CYP2D6 in all patients starting a tamoxifen\nregimen. While waiting for the results of prospective currently in process, this genotype could be potentially useful\nin certain specific cases (major adverse effects, no adverse\neffects).</p>\n</blockquote>\n",
      "version" : 0
    },
    "userId" : "cfthorn",
    "version" : 0
  }
}