{
  "guideline" : {
    "@id" : "https://pharmgkb.org/guidelineAnnotation/PA166202501",
    "@context" : "https://api.pharmgkb.org/jsonld/guidelineAnnotation.jsonld",
    "objCls" : "Guideline Annotation",
    "id" : "PA166202501",
    "name" : "Annotation of PRO Guideline for clopidogrel and CYP2C19",
    "cancerGenome" : false,
    "crossReferences" : [ ],
    "descriptiveVideoId" : "",
    "guidelineGenes" : [ ],
    "history" : [ {
      "id" : 1451136840,
      "date" : "2020-05-13T00:00:00-07:00",
      "type" : "Create",
      "version" : 0
    } ],
    "literature" : [ {"@id":"https://pharmgkb.org/literature/15109262","@context":"https://api.pharmgkb.org/jsonld/literature.jsonld","id":15109262,"resourceId":"28237404","title":"Pharmacogenetics in cardiovascular diseases: State of the art and implementation-recommendations of the French National Network of Pharmacogenetics (RNPGx).","_sameAs":"https://www.ncbi.nlm.nih.gov/pubmed/28237404","crossReferences":[{"@id":"https://pharmgkb.org/crossReference/pubMed/28237404","@context":"https://api.pharmgkb.org/jsonld/crossReference.jsonld","id":1451127922,"resource":"PubMed","resourceId":"28237404","_url":"https://www.ncbi.nlm.nih.gov/pubmed/28237404"},{"@id":"https://pharmgkb.org/crossReference/doi/10.1016/j.therap.2016.09.017","@context":"https://api.pharmgkb.org/jsonld/crossReference.jsonld","id":1451127923,"resource":"DOI","resourceId":"10.1016/j.therap.2016.09.017","_url":"http://dx.doi.org/10.1016%2Fj.therap.2016.09.017"}],"objCls":"Literature","type":"Article"} ],
    "pediatric" : false,
    "recommendation" : true,
    "relatedAlleles" : [ {
      "@id" : "https://pharmgkb.org/haplotype/PA165816533",
      "@context" : "https://api.pharmgkb.org/jsonld/haplotype.jsonld",
      "objCls" : "Haplotype",
      "id" : "PA165816533",
      "symbol" : "CYP2C19*17",
      "name" : "*17",
      "version" : 22
    }, {
      "@id" : "https://pharmgkb.org/haplotype/PA165980635",
      "@context" : "https://api.pharmgkb.org/jsonld/haplotype.jsonld",
      "objCls" : "Haplotype",
      "id" : "PA165980635",
      "symbol" : "CYP2C19*2",
      "name" : "*2",
      "version" : 18
    }, {
      "@id" : "https://pharmgkb.org/haplotype/PA165816544",
      "@context" : "https://api.pharmgkb.org/jsonld/haplotype.jsonld",
      "objCls" : "Haplotype",
      "id" : "PA165816544",
      "symbol" : "CYP2C9*3",
      "name" : "*3",
      "version" : 14
    } ],
    "relatedChemicals" : [ {
      "@id" : "https://pharmgkb.org/chemical/PA449053",
      "@context" : "https://api.pharmgkb.org/jsonld/chemical.jsonld",
      "objCls" : "Chemical",
      "id" : "PA449053",
      "name" : "clopidogrel",
      "version" : 19
    } ],
    "relatedGenes" : [ {
      "@id" : "https://pharmgkb.org/gene/PA124",
      "@context" : "https://api.pharmgkb.org/jsonld/gene.jsonld",
      "objCls" : "Gene",
      "id" : "PA124",
      "symbol" : "CYP2C19",
      "name" : "cytochrome P450 family 2 subfamily C member 19",
      "version" : 7209
    } ],
    "source" : "Professional Society",
    "summaryMarkdown" : {
      "id" : 1451128020,
      "html" : "<p>Testing for the main CYP2C19 deficiency alleles before instituting clopidogrel treatment is recommended (a test is essential for coronary angioplasty with stenting and based on the current state of knowledge this test is potentially useful in the other indications). For patients carrying at least one deficiency allele, the RNPGx recommends using an alternative treatment that is not a CYP2C19 substrate (eg. prasugrel, ticagrelor).</p>\n",
      "version" : 0
    },
    "summaryVideoId" : "",
    "terms" : [ ],
    "textMarkdown" : {
      "id" : 1451127921,
      "html" : "<p>The French National Network of Pharmacogenetics (RNPGx) guideline for CYP2C19 and clopidogrel recommends testing for the main CYP2C19 deficiency alleles before instituting clopidogrel treatment (a test is essential for coronary angioplasty with stenting and based on the current state of knowledge this test is potentially useful in the other indications). For patients carrying at least one deficiency allele, the RNPGx recommends using an alternative treatment that is not a CYP2C19 substrate (prasugrel, ticagrelor. . .).</p>\n<blockquote class=\"blockquote\">\n<p>The RNPGx is in favor of testing for the main CYP2C19 deficiency alleles before instituting clopidogrel treatment (a test is essential for coronary angioplasty with stenting and based on the current state of knowledge this test is potentially useful in the other indications). For patients carrying at least one deficiency allele, the RNPGx recommends using an alternative treatment that is not a CYP2C19 substrate\n(prasugrel, ticagrelor. . .). If the genotype remains unknown before treatment onset, a posteriori testing is advisable to explain any recurrent thromboembolic event occurring during treatment in order to provide guidance for therapeutic optimization of the indications given in the marketing approval (testing is advisable).</p>\n<p>Prescription of a first-line treatment with clopidogrel should take into consideration the CYP2C19 genotype as indicated in Fig. 2:</p>\n<p>• CYP2C19*2 and *3 alleles: in patients carrying at least one deleterious CYP2C19*2 or CYP2C19*3 allele who have a high risk of thromboembolic recurrence, an alternative antiaggregant that is not a CYP2C19 substrate (prasugrel,ticagrelor, acetylsalicylic acid. . .) is preferable. Based on current knowledge, it is not recommended to increase the clopidogrel dose in patients carrying the CYP2C19*2 or *3\nallele;</p>\n<p>• CYP2C19*17 allele: although the presence of the CYP2C19*17 allele, whether in a heterozygous or homozygous state, has been associated with increased hemorrhagic risk in patients treated with clopidogrel, it appears to favor the drug’s efficacy, reducing the incidence of recurrent thromboembolic events. Consequently, considering current knowledge, there is no guideline concerning the appropriate dosage to prescribe for a patient with the *17 allele.</p>\n</blockquote>\n<p>Details of the RNPGx levels of recommendation for testing can be found in [Article:<a href=\"/pmid/28237404\">28237404</a>].</p>\n",
      "version" : 0
    },
    "userId" : "lgong",
    "version" : 0
  }
}