{
  "guideline" : {
    "@id" : "https://pharmgkb.org/guidelineAnnotation/PA166211021",
    "@context" : "https://api.pharmgkb.org/jsonld/guidelineAnnotation.jsonld",
    "objCls" : "Guideline Annotation",
    "id" : "PA166211021",
    "name" : "Annotation of DPWG Guideline for siponimod and CYP2C9",
    "cancerGenome" : false,
    "crossReferences" : [ ],
    "guidelineGenes" : [ ],
    "history" : [ {
      "id" : 1451153240,
      "date" : "2020-06-01T14:23:38.807-07:00",
      "description" : "Changes based on May 2020 guidelines",
      "type" : "Update",
      "version" : 0
    } ],
    "literature" : [ {"@id":"https://pharmgkb.org/literature/15111722","@context":"https://api.pharmgkb.org/jsonld/literature.jsonld","id":15111722,"resourceId":"https://www.knmp.nl/downloads/pharmacogenetic-recommendations-may-2020.pdf","title":"Dutch Pharmacogenetics Working Group Guidelines May 2020","_sameAs":"https://www.knmp.nl/downloads/pharmacogenetic-recommendations-may-2020.pdf","crossReferences":[{"@id":"https://pharmgkb.org/crossReference/url/https://www.knmp.nl/downloads/pharmacogenetic-recommendations-may-2020.pdf","@context":"https://api.pharmgkb.org/jsonld/crossReference.jsonld","id":1451152900,"resource":"URL","resourceId":"https://www.knmp.nl/downloads/pharmacogenetic-recommendations-may-2020.pdf","_url":"https://www.knmp.nl/downloads/pharmacogenetic-recommendations-may-2020.pdf"}],"objCls":"Literature","type":"Web Page"} ],
    "pediatric" : false,
    "recommendation" : true,
    "relatedAlleles" : [ {
      "@id" : "https://pharmgkb.org/haplotype/PA165816543",
      "@context" : "https://api.pharmgkb.org/jsonld/haplotype.jsonld",
      "objCls" : "Haplotype",
      "id" : "PA165816543",
      "symbol" : "CYP2C9*2",
      "name" : "*2",
      "version" : 12
    }, {
      "@id" : "https://pharmgkb.org/haplotype/PA165816544",
      "@context" : "https://api.pharmgkb.org/jsonld/haplotype.jsonld",
      "objCls" : "Haplotype",
      "id" : "PA165816544",
      "symbol" : "CYP2C9*3",
      "name" : "*3",
      "version" : 14
    } ],
    "relatedChemicals" : [ {
      "@id" : "https://pharmgkb.org/chemical/PA166182736",
      "@context" : "https://api.pharmgkb.org/jsonld/chemical.jsonld",
      "objCls" : "Chemical",
      "id" : "PA166182736",
      "name" : "siponimod",
      "version" : 3
    } ],
    "relatedGenes" : [ {
      "@id" : "https://pharmgkb.org/gene/PA126",
      "@context" : "https://api.pharmgkb.org/jsonld/gene.jsonld",
      "objCls" : "Gene",
      "id" : "PA126",
      "symbol" : "CYP2C9",
      "name" : "cytochrome P450 family 2 subfamily C member 9",
      "version" : 7876
    } ],
    "source" : "Dutch Pharmacogenetics Working Group",
    "summaryMarkdown" : {
      "id" : 1451153220,
      "html" : "<p>The Dutch Pharmacogenetics Working Group Guideline for siponimod recommends decreasing the dose for <em>CYP2C9</em> *1/*3, *2/*3 genotypes and to avoid siponimod for the <em>CYP2C9</em> *3/*3 genotype.</p>\n",
      "version" : 0
    },
    "terms" : [ ],
    "textMarkdown" : {
      "id" : 1451153221,
      "html" : "<h3 id=\"may-2020-update\">May 2020 Update</h3>\n<p>The Royal Dutch Pharmacists Association - Pharmacogenetics Working Group has evaluated therapeutic dose recommendations for siponimod based on CYP2C9 genotype. They recommend decreasing the dose for <em>CYP2C9</em> <em>*1/*3</em>, <em>*2/*3</em> genotypes and to avoid siponimod for the <em>CYP2C9</em> <em>*3/*3</em> genotype.</p>\n<p><em>Wording in table taken from the <a href=\"https://api.pharmgkb.org/v1/download/file/attachment/DPWG_May_2020.pdf\">Dutch guidelines May 2020 update</a>.</em></p>\n<table class=\"table\">\n<thead>\n<tr>\n<th>Allele/Genotype/Phenotype</th>\n<th>Drug</th>\n<th>Description</th>\n<th>Recommendation</th>\n</tr>\n</thead>\n<tbody>\n<tr>\n<td><em>CYP2C9*1/*2</em></td>\n<td>siponimod</td>\n<td>The genetic variation can slightly increase the exposure to siponimod. However, the effect is too small to expect any impact on efficacy or adverse effects.</td>\n<td>NO action is required for this gene-drug interaction.</td>\n</tr>\n<tr>\n<td><em>CYP2C9*1/*3</em></td>\n<td>siponimod</td>\n<td>Theoretically, the risk of adverse effects in increased, as the genetic variation results in higher plasma concentrations of siponimod.</td>\n<td>Use 50% of the normal maintenance dose. Reconsider the choice and the potential benefit of siponimod if the patient is also using a moderate CYP3A4 inducer, such as modafinil. For this genetic variation, a moderate CYP3A4 inducer results in a reduction in the exposure of siponimod by 49%, according to a pharmacokinetic model.</td>\n</tr>\n<tr>\n<td><em>CYP2C9*2/*2</em></td>\n<td>siponimod</td>\n<td>The genetic variation can slightly increase the exposure to siponimod. However, the effect is too small to expect any impact on efficacy or adverse effects.</td>\n<td>NO action is required for this gene-drug interaction.</td>\n</tr>\n<tr>\n<td><em>CYP2C9*2/*3</em></td>\n<td>siponimod</td>\n<td>Theoretically, the risk of adverse effects in increased, as the genetic variation results in higher plasma concentrations of siponimod.</td>\n<td>Use 50% of the normal maintenance dose. Reconsider the choice and the potential benefit of siponimod if the patient is also using a moderate CYP3A4 inducer, such as modafinil. For this genetic variation, a moderate CYP3A4 inducer results in a reduction in the exposure of siponimod by 49%, according to a pharmacokinetic model.</td>\n</tr>\n<tr>\n<td><em>CYP2C9*3/*3</em></td>\n<td>siponimod</td>\n<td>Siponimod is contraindicated in patients with this genetic variation. Theoretically, the risk of adverse effects is greatly increased, as the genetic variation results in much higher plasma concentrations of siponimod.</td>\n<td>Avoid siponimod.</td>\n</tr>\n<tr>\n<td>CYP2C9 IM</td>\n<td>siponimod</td>\n<td>Theoretically, the risk of adverse effects in increased, as the genetic variation results in higher plasma concentrations of siponimod.</td>\n<td>Use 50% of the normal maintenance dose. Reconsider the choice and the potential benefit of siponimod if the patient is also using a moderate CYP3A4 inducer, such as modafinil. For the comparable genetic variation *1/*3, the moderate CYP3A4 inducer results in a reduction in the exposure of siponimod by 49%, according to a pharmacokinetic model.</td>\n</tr>\n<tr>\n<td>CYP2C9 PM</td>\n<td>siponimod</td>\n<td>Siponimod is contraindicated in patients with the comparable genetic variation *3/*3. Theoretically, the risk of adverse effects is greatly increased, as the genetic variation results in much higher plasma concentrations of siponimod.</td>\n<td>Avoid siponimod.</td>\n</tr>\n</tbody>\n</table>\n<p><a rel=\"noopener noreferrer\" href=\"https://www.g-standaard.nl/risicoanalyse/B0007164.PDF\" target=\"_blank\">Read for more information about this recommendation</a>, <a rel=\"noopener noreferrer\" href=\"https://www.knmp.nl/producten/gebruiksrecht-g-standaard/medicatiebewaking-g-standaard/background-information-pharmacogenetics\" target=\"_blank\">Read about gene information from DPWG</a></p>\n",
      "version" : 0
    },
    "userId" : "katrin",
    "version" : 1
  }
}