{
  "guideline" : {
    "@id" : "https://pharmgkb.org/guidelineAnnotation/PA166182823",
    "@context" : "https://api.pharmgkb.org/jsonld/guidelineAnnotation.jsonld",
    "objCls" : "Guideline Annotation",
    "id" : "PA166182823",
    "name" : "Annotation of DPWG Guideline for eliglustat and CYP2D6",
    "cancerGenome" : false,
    "crossReferences" : [ ],
    "descriptiveVideoId" : "",
    "guidelineGenes" : [ ],
    "history" : [ {
      "id" : 1450415100,
      "date" : "2019-05-23T21:23:23.388-07:00",
      "description" : "Annotation current with November 2018 DPWG Guideline release",
      "type" : "Update",
      "version" : 0
    }, {
      "id" : 1450820792,
      "date" : "2019-10-06T23:12:58.685-07:00",
      "description" : "No changes based on August 2019 guideline",
      "type" : "Update",
      "version" : 0
    }, {
      "id" : 1450962920,
      "date" : "2020-02-10T11:39:18.674-08:00",
      "description" : "Fixed links to 2018 guideline pdfs.",
      "type" : "Update",
      "version" : 0
    } ],
    "literature" : [ {"@id":"https://pharmgkb.org/literature/15103288","@context":"https://api.pharmgkb.org/jsonld/literature.jsonld","id":15103288,"resourceId":"https://www.knmp.nl/downloads/pharmacogenetic-recommendations-august-2019.pdf","title":"Dutch Pharmacogenetics Working Group Guidelines August 2019","_sameAs":"https://www.knmp.nl/downloads/pharmacogenetic-recommendations-august-2019.pdf","crossReferences":[{"@id":"https://pharmgkb.org/crossReference/url/https://www.knmp.nl/downloads/pharmacogenetic-recommendations-august-2019.pdf","@context":"https://api.pharmgkb.org/jsonld/crossReference.jsonld","id":1450815695,"resource":"URL","resourceId":"https://www.knmp.nl/downloads/pharmacogenetic-recommendations-august-2019.pdf","_url":"https://www.knmp.nl/downloads/pharmacogenetic-recommendations-august-2019.pdf"}],"objCls":"Literature","type":"Web Page"}, {"@id":"https://pharmgkb.org/literature/15102465","@context":"https://api.pharmgkb.org/jsonld/literature.jsonld","id":15102465,"resourceId":"https://www.knmp.nl/downloads/pharmacogenetic-recommendations-november-2018.pdf","title":"Dutch Pharmacogenetics Working Group Guidelines November 2018","_sameAs":"https://www.knmp.nl/downloads/pharmacogenetic-recommendations-november-2018.pdf","crossReferences":[{"@id":"https://pharmgkb.org/crossReference/url/https://www.knmp.nl/downloads/pharmacogenetic-recommendations-november-2018.pdf","@context":"https://api.pharmgkb.org/jsonld/crossReference.jsonld","id":1450415575,"resource":"URL","resourceId":"https://www.knmp.nl/downloads/pharmacogenetic-recommendations-november-2018.pdf","_url":"https://www.knmp.nl/downloads/pharmacogenetic-recommendations-november-2018.pdf"}],"objCls":"Literature","type":"Web Page"} ],
    "pediatric" : false,
    "recommendation" : true,
    "relatedAlleles" : [ ],
    "relatedChemicals" : [ {
      "@id" : "https://pharmgkb.org/chemical/PA166123486",
      "@context" : "https://api.pharmgkb.org/jsonld/chemical.jsonld",
      "objCls" : "Chemical",
      "id" : "PA166123486",
      "name" : "eliglustat",
      "version" : 4
    } ],
    "relatedGenes" : [ {
      "@id" : "https://pharmgkb.org/gene/PA128",
      "@context" : "https://api.pharmgkb.org/jsonld/gene.jsonld",
      "objCls" : "Gene",
      "id" : "PA128",
      "symbol" : "CYP2D6",
      "name" : "cytochrome P450 family 2 subfamily D member 6",
      "version" : 7889
    } ],
    "source" : "Dutch Pharmacogenetics Working Group",
    "summaryMarkdown" : {
      "id" : 1450415099,
      "html" : "<p>The Dutch Pharmacogenetics Working Group Guideline for eliglustat recommends to use an alternative in CYP2D6 ultrarapid metabolizer. For CYP2D6 poor metabolizer in combination with CYP3A inhibitors and strong inducers, the guideline recommends to choose an alternative if possible. For intermediate metabolizers recommendations are provided for co-medication with CYP2D6 and/or CYP3A inhibitors and CYP3A inducers.</p>\n",
      "version" : 1
    },
    "summaryVideoId" : "",
    "terms" : [ ],
    "textMarkdown" : {
      "id" : 1450415097,
      "html" : "<h3 id=\"november-2018-guideline\">November 2018 Guideline</h3>\n<p>The Royal Dutch Pharmacists Association - Pharmacogenetics Working Group has evaluated therapeutic dose recommendations for eliglustat based on CYP2D6 genotype. They recommend to use an alternative in CYP2D6 ultrarapid metabolizer. For CYP2D6 poor metabolizer in combination with CYP3A inhibitors and strong inducers, the guideline recommends to choose an alternative if possible. For intermediate metabolizers, recommendations are provided for co-medication with CYP2D6 and/or CYP3A inhibitors and CPY3A inducers.</p>\n<p><em>Wording in table taken from the <a href=\"https://api.pharmgkb.org/v1/download/file/attachment/DPWG_November_2018.pdf\">Dutch guidelines November 2018 update</a></em></p>\n<table class=\"table\">\n<thead>\n<tr><th>Allele/Genotype/Phenotype</th><th>Drug</th><th>Description</th><th>Recommendation</th></tr>\n</thead>\n<tbody>\n<tr><td>CYP2D6 UM</td><td>eliglustat</td><td>This gene variation increases the conversion of eliglustat to inactive metabolites. As a result, a normal dose is not effective. There is not enough scientific substantiation to suggest an effective dose for all UM.</td><td>Eliglustat is contra-indicated. Choose an alternative if possible.</td></tr>\n<tr><td>CYP2D6 IM</td><td>eliglustat</td><td>This gene variation reduces the conversion of eliglustat to inactive metabolites. However, in the absence of CYP2D6 and CYP3A inhibitors, this does not result in a clinically significant increased risk of side effects.</td><td>- Co-medication with BOTH a MODERATE to STRONG CYP2D6 INHIBITOR AND a MODERATE to STRONG CYP3A INHIBITOR: Eliglustat is contra-indicated.<br/>1. Choose an alternative if possible.<br/>Strong CYP2D6 inhibitor: for example paroxetine, fluoxetine, quinidine, bupropione. Moderate CYP2D6 inhibitor: for example duloxetine, terbinafine, moclobemide, mirabegron, cinacalcet, dronedarone. Strong CYP3A inhibitor: for example ketoconazole, clarithromycin, itraconazole, cobicistat, indinavir, lopinavir, ritonavir, saquinavir, telaprevir, tipranavir, posaconazole, voriconazole, telithromycin, conivaptan, boceprevir. Moderate CYP3A inhibitor: for example erythromycin, ciprofloxacin, fluconazole, diltiazem, verapamil, aprepitant, atazanavir, darunavir, fosamprenavir, imatinib, cimetidine.<br/>&nbsp;<br/>- Co-medication with a STRONG CYP2D6 INHIBITOR (e.g. paroxetine, fluoxetine, quinidine, bupropione):<br/>1. Use a dose of 84mg eliglustat 1x daily.<br/>&nbsp;<br/>- Co-medication with a MODERATE CYP2D6 INHIBITOR (for example duloxetine, terbinafine, moclobemide, mirabegron, cinacalcet, dronedarone):<br/>1. Consider a dose of 84mg eliglustat 1x daily.<br/>2. Be alert to side effects.<br/>&nbsp;<br/>- Co-medication with a STRONG CYP3A INHIBITOR (for example ketoconazole, clarithromycin, itraconazole, cobicistat, indinavir, lopinavir, ritonavir, saquinavir, telaprevir, tipranavir, posaconazole, voriconazole, telithromycin, conivaptan, boceprevir):<br/>1. Choose an alternative if possible.<br/>2. If an alternative is not an option: consider a dose of 84 mg eliglustat 1x daily and be alert to side effects.<br/>&nbsp;<br/>- Co-medication with a MODERATE CYP3A INHIBITOR (for example erythromycin, ciprofloxacin, fluconazole, diltiazem, verapamil, aprepitant, atazanavir, darunavir, fosamprenavir, imatinib, cimetidine):<br/>1. Choose an alternative.<br/>2. If an alternative is not an option: consider a dose of 84mg eliglustat 1x daily and be alert to side effects.<br/>&nbsp;<br/>- Co-medication with a STRONG CYP3A INDUCER (for example rifampicin, carbamazepine, phenobarbital, phenytoin, rifabutine, hypericum): Eliglustat is not recommended. The plasma concentration may decrease so sharply that a therapeutic effect cannot be achieved.<br/>1. Choose an alternative if possible.<br/>&nbsp;<br/>- NO co-medication with a moderate or strong CYP2D6 or CYP3A inhibitor or strong CYP3A inducer:<br/>1. Use the standard dose of 84mg 2x daily.</td></tr>\n<tr><td>CYP2D6 PM</td><td>eliglustat</td><td>This gene variation reduces the conversion of eliglustat to inactive metabolites. This increases the risk of side effects, such as a (small, dose-dependent) elongation of the QT interval. CYP3A inhibitors increase this risk even further.</td><td>- Co-medication with a STRONG CYP3A INHIBITOR (for example ketoconazole, clarithromycin, itraconazole, cobicistat, indinavir, lopinavir, ritonavir, saquinavir, telaprevir, tipranavir, posaconazole, voriconazole, telithromycin, conivaptan, boceprevir): Eliglustat is contra-indicated.<br/>1. Choose an alternative if possible.<br/>&nbsp;<br/>- Co-medication with a MODERATE CYP3A INHIBITOR (for example erythromycin, ciprofloxacin, fluconazole, diltiazem, verapamil, aprepitant, atazanavir, darunavir, fosamprenavir, imatinib, cimetidine): Eliglustat is not recommended.<br/>1. Choose an alternative if possible.<br/>&nbsp;<br/>- Co-medication with a WEAK CYP3A INHIBITOR (for example amlopidine, cilostazole, fluvoxamine, goldenseal, isoniazide, ranitidine, ranolazine):<br/>1. Choose an alternative for the weak CYP3A inhibitor if possible.<br/>2. If an alternative is not an option: Use a dose of 84mg eliglustat 1x daily and be alert to side effects.<br/>&nbsp;<br/>- Co-medication with a STRONG CYP3A INDUCER (for example rifampicin, carbamazepine, phenobarbital, phenytoin, rifabutine, hypericum): Eliglustat is not recommended. The plasma concentration may decrease so sharply that a therapeutic effect cannot be achieved.<br/>1. Choose an alternative if possible.<br/>&nbsp;<br/>- NO co-medication with a CYP3A inhibitor or strong CYP3A inducer:<br/>1. Use a dose of 84mg 1x daily.</td></tr>\n</tbody>\n</table>\n<p><a rel=\"noopener noreferrer\" href=\"https://www.g-standaard.nl/risicoanalyse/B0006137.PDF\" target=\"_blank\">Read for more information about this recommendation</a>, <a rel=\"noopener noreferrer\" href=\"https://www.knmp.nl/producten/gebruiksrecht-g-standaard/medicatiebewaking-g-standaard/background-information-pharmacogenetics\" target=\"_blank\">Read about gene information from DPWG</a></p>\n",
      "version" : 2
    },
    "userId" : "katrin",
    "version" : 3
  }
}