{
  "citations" : [ {
    "@id" : "https://pharmgkb.org/literature/15058235",
    "@context" : "https://api.pharmgkb.org/jsonld/literature.jsonld",
    "id" : 15058235,
    "resourceId" : "23698643",
    "title" : "Clinical Pharmacogenetics Implementation Consortium guidelines for CYP2C19 genotype and clopidogrel therapy: 2013 update.",
    "_sameAs" : "https://www.ncbi.nlm.nih.gov/pmc/articles/PMC3748366",
    "authors" : [ "Scott S A", "Sangkuhl K", "Stein C M", "Hulot J-S", "Mega J L", "Roden D M", "Klein T E", "Sabatine M S", "Johnson J A", "Shuldiner A R", "Clinical Pharmacogenetics Implementation Consortium" ],
    "crossReferences" : [ {
      "@id" : "https://pharmgkb.org/crossReference/pmc/PMC3748366",
      "@context" : "https://api.pharmgkb.org/jsonld/crossReference.jsonld",
      "id" : 1449276503,
      "resource" : "PubMed Central",
      "resourceId" : "PMC3748366",
      "_url" : "https://www.ncbi.nlm.nih.gov/pmc/articles/PMC3748366",
      "version" : 0
    }, {
      "@id" : "https://pharmgkb.org/crossReference/pubMed/23698643",
      "@context" : "https://api.pharmgkb.org/jsonld/crossReference.jsonld",
      "id" : 1449276502,
      "resource" : "PubMed",
      "resourceId" : "23698643",
      "_url" : "https://www.ncbi.nlm.nih.gov/pubmed/23698643",
      "version" : 0
    }, {
      "@id" : "https://pharmgkb.org/crossReference/doi/10.1038/clpt.2013.105",
      "@context" : "https://api.pharmgkb.org/jsonld/crossReference.jsonld",
      "id" : 1449276504,
      "resource" : "DOI",
      "resourceId" : "10.1038/clpt.2013.105",
      "_url" : "http://dx.doi.org/10.1038%2Fclpt.2013.105",
      "version" : 0
    } ],
    "hasKeyword" : true,
    "journal" : "Clinical pharmacology and therapeutics",
    "meshDiseases" : [ ],
    "meshTerms" : [ "Aryl Hydrocarbon Hydroxylases", "Cytochrome P-450 CYP2C19", "Genetic Testing", "Genetic Variation", "Genotype", "Humans", "Platelet Aggregation Inhibitors", "Risk Assessment", "Ticlopidine" ],
    "month" : 9,
    "nonHuman" : false,
    "objCls" : "Literature",
    "page" : "317-23",
    "pediatric" : false,
    "pgkbPublication" : true,
    "pubDate" : "2013-09-01T00:00:00-07:00",
    "summary" : "Cytochrome P450 (CYP)2C19 catalyzes the bioactivation of the antiplatelet prodrug clopidogrel, and CYP2C19 loss-of-function alleles impair formation of active metabolites, resulting in reduced platelet inhibition. In addition, CYP2C19 loss-of-function alleles confer increased risks for serious adverse cardiovascular (CV) events among clopidogrel-treated patients with acute coronary syndromes (ACSs) undergoing percutaneous coronary intervention (PCI). Guideline updates include emphasis on appropriate indication for CYP2C19 genotype-directed antiplatelet therapy, refined recommendations for specific CYP2C19 alleles, and additional evidence from an expanded literature review (updates at http://www.pharmgkb.org).",
    "type" : "Article",
    "version" : 5,
    "volume" : "94",
    "year" : 2013
  }, {
    "@id" : "https://pharmgkb.org/literature/8231172",
    "@context" : "https://api.pharmgkb.org/jsonld/literature.jsonld",
    "id" : 8231172,
    "resourceId" : "21716271",
    "title" : "Clinical Pharmacogenetics Implementation Consortium guidelines for cytochrome P450-2C19 (CYP2C19) genotype and clopidogrel therapy.",
    "_sameAs" : "https://www.ncbi.nlm.nih.gov/pmc/articles/PMC3234301",
    "authors" : [ "Scott S A", "Sangkuhl K", "Gardner E E", "Stein C M", "Hulot J-S", "Johnson J A", "Roden D M", "Klein T E", "Shuldiner A R", "Clinical Pharmacogenetics Implementation Consortium" ],
    "crossReferences" : [ {
      "@id" : "https://pharmgkb.org/crossReference/pmc/PMC3234301",
      "@context" : "https://api.pharmgkb.org/jsonld/crossReference.jsonld",
      "id" : 1449250640,
      "resource" : "PubMed Central",
      "resourceId" : "PMC3234301",
      "_url" : "https://www.ncbi.nlm.nih.gov/pmc/articles/PMC3234301",
      "version" : 0
    }, {
      "@id" : "https://pharmgkb.org/crossReference/pubMed/21716271",
      "@context" : "https://api.pharmgkb.org/jsonld/crossReference.jsonld",
      "id" : 827692890,
      "resource" : "PubMed",
      "resourceId" : "21716271",
      "_url" : "https://www.ncbi.nlm.nih.gov/pubmed/21716271",
      "version" : 0
    }, {
      "@id" : "https://pharmgkb.org/crossReference/doi/10.1038/clpt.2011.132",
      "@context" : "https://api.pharmgkb.org/jsonld/crossReference.jsonld",
      "id" : 1449250641,
      "resource" : "DOI",
      "resourceId" : "10.1038/clpt.2011.132",
      "_url" : "http://dx.doi.org/10.1038%2Fclpt.2011.132",
      "version" : 0
    } ],
    "hasKeyword" : true,
    "journal" : "Clinical pharmacology and therapeutics",
    "meshDiseases" : [ "PA165108401" ],
    "meshTerms" : [ "Acute Coronary Syndrome", "Alleles", "Angioplasty, Balloon, Coronary", "Aryl Hydrocarbon Hydroxylases", "Cytochrome P-450 CYP2C19", "Genotype", "Humans", "Pharmacogenetics", "Platelet Aggregation Inhibitors", "Ticlopidine" ],
    "month" : 8,
    "nonHuman" : false,
    "objCls" : "Literature",
    "page" : "328-32",
    "pediatric" : false,
    "pgkbPublication" : true,
    "pubDate" : "2011-08-01T00:00:00-07:00",
    "type" : "Article",
    "version" : 4,
    "volume" : "90",
    "year" : 2011
  } ],
  "guideline" : {
    "@id" : "https://pharmgkb.org/guidelineAnnotation/PA166104948",
    "@context" : "https://api.pharmgkb.org/jsonld/guidelineAnnotation.jsonld",
    "objCls" : "Guideline Annotation",
    "id" : "PA166104948",
    "name" : "Annotation of CPIC Guideline for clopidogrel and CYP2C19",
    "cancerGenome" : false,
    "crossReferences" : [ {
      "@id" : "https://pharmgkb.org/crossReference/url/https://cpicpgx.org/guidelines/guideline-for-clopidogrel-and-cyp2c19/",
      "@context" : "https://api.pharmgkb.org/jsonld/crossReference.jsonld",
      "id" : 1447983490,
      "name" : "CPIC® Guideline for Clopidogrel and CYP2C19 – CPIC",
      "resource" : "URL",
      "resourceId" : "https://cpicpgx.org/guidelines/guideline-for-clopidogrel-and-cyp2c19/",
      "_url" : "https://cpicpgx.org/guidelines/guideline-for-clopidogrel-and-cyp2c19/",
      "version" : 1
    } ],
    "descriptiveVideoId" : "P_2Z61Rf-R8",
    "guidelineGenes" : [ {
      "id" : 1449561711,
      "alleles" : [ {
        "id" : 1449561712,
        "_label" : "*1",
        "function" : {
          "@id" : "https://pharmgkb.org/ontologyTerm/alleleFunction/haplotypeTags:1445558335",
          "@context" : "https://api.pharmgkb.org/jsonld/ontologyTerm.jsonld",
          "id" : 1445558335,
          "parents" : [ ],
          "resource" : "Allele Function",
          "term" : "Normal function",
          "termId" : "haplotypeTags:1445558335",
          "version" : 1
        },
        "haplotype" : {
          "@id" : "https://pharmgkb.org/haplotype/PA165980634",
          "@context" : "https://api.pharmgkb.org/jsonld/haplotype.jsonld",
          "objCls" : "Haplotype",
          "id" : "PA165980634",
          "symbol" : "CYP2C19*1",
          "name" : "*1",
          "version" : 18
        },
        "version" : 1
      }, {
        "id" : 1449561713,
        "_label" : "*2",
        "function" : {
          "@id" : "https://pharmgkb.org/ontologyTerm/alleleFunction/haplotypeTags:1445558515",
          "@context" : "https://api.pharmgkb.org/jsonld/ontologyTerm.jsonld",
          "id" : 1445558515,
          "parents" : [ ],
          "resource" : "Allele Function",
          "term" : "No function",
          "termId" : "haplotypeTags:1445558515",
          "version" : 1
        },
        "haplotype" : {
          "@id" : "https://pharmgkb.org/haplotype/PA165980635",
          "@context" : "https://api.pharmgkb.org/jsonld/haplotype.jsonld",
          "objCls" : "Haplotype",
          "id" : "PA165980635",
          "symbol" : "CYP2C19*2",
          "name" : "*2",
          "version" : 18
        },
        "version" : 1
      }, {
        "id" : 1449561714,
        "_label" : "*3",
        "function" : {
          "@id" : "https://pharmgkb.org/ontologyTerm/alleleFunction/haplotypeTags:1445558515",
          "@context" : "https://api.pharmgkb.org/jsonld/ontologyTerm.jsonld",
          "id" : 1445558515,
          "parents" : [ ],
          "resource" : "Allele Function",
          "term" : "No function",
          "termId" : "haplotypeTags:1445558515",
          "version" : 1
        },
        "haplotype" : {
          "@id" : "https://pharmgkb.org/haplotype/PA165980636",
          "@context" : "https://api.pharmgkb.org/jsonld/haplotype.jsonld",
          "objCls" : "Haplotype",
          "id" : "PA165980636",
          "symbol" : "CYP2C19*3",
          "name" : "*3",
          "version" : 18
        },
        "version" : 1
      }, {
        "id" : 1449561717,
        "_label" : "*5",
        "function" : {
          "@id" : "https://pharmgkb.org/ontologyTerm/alleleFunction/haplotypeTags:1445558515",
          "@context" : "https://api.pharmgkb.org/jsonld/ontologyTerm.jsonld",
          "id" : 1445558515,
          "parents" : [ ],
          "resource" : "Allele Function",
          "term" : "No function",
          "termId" : "haplotypeTags:1445558515",
          "version" : 1
        },
        "haplotype" : {
          "@id" : "https://pharmgkb.org/haplotype/PA165980638",
          "@context" : "https://api.pharmgkb.org/jsonld/haplotype.jsonld",
          "objCls" : "Haplotype",
          "id" : "PA165980638",
          "symbol" : "CYP2C19*5",
          "name" : "*5",
          "version" : 18
        },
        "version" : 1
      }, {
        "id" : 1449561718,
        "_label" : "*6",
        "function" : {
          "@id" : "https://pharmgkb.org/ontologyTerm/alleleFunction/haplotypeTags:1445558515",
          "@context" : "https://api.pharmgkb.org/jsonld/ontologyTerm.jsonld",
          "id" : 1445558515,
          "parents" : [ ],
          "resource" : "Allele Function",
          "term" : "No function",
          "termId" : "haplotypeTags:1445558515",
          "version" : 1
        },
        "haplotype" : {
          "@id" : "https://pharmgkb.org/haplotype/PA165816522",
          "@context" : "https://api.pharmgkb.org/jsonld/haplotype.jsonld",
          "objCls" : "Haplotype",
          "id" : "PA165816522",
          "symbol" : "CYP2C19*6",
          "name" : "*6",
          "version" : 20
        },
        "version" : 1
      }, {
        "id" : 1449561719,
        "_label" : "*7",
        "function" : {
          "@id" : "https://pharmgkb.org/ontologyTerm/alleleFunction/haplotypeTags:1445558515",
          "@context" : "https://api.pharmgkb.org/jsonld/ontologyTerm.jsonld",
          "id" : 1445558515,
          "parents" : [ ],
          "resource" : "Allele Function",
          "term" : "No function",
          "termId" : "haplotypeTags:1445558515",
          "version" : 1
        },
        "haplotype" : {
          "@id" : "https://pharmgkb.org/haplotype/PA165816523",
          "@context" : "https://api.pharmgkb.org/jsonld/haplotype.jsonld",
          "objCls" : "Haplotype",
          "id" : "PA165816523",
          "symbol" : "CYP2C19*7",
          "name" : "*7",
          "version" : 20
        },
        "version" : 1
      }, {
        "id" : 1449561720,
        "_label" : "*8",
        "function" : {
          "@id" : "https://pharmgkb.org/ontologyTerm/alleleFunction/haplotypeTags:1445558515",
          "@context" : "https://api.pharmgkb.org/jsonld/ontologyTerm.jsonld",
          "id" : 1445558515,
          "parents" : [ ],
          "resource" : "Allele Function",
          "term" : "No function",
          "termId" : "haplotypeTags:1445558515",
          "version" : 1
        },
        "haplotype" : {
          "@id" : "https://pharmgkb.org/haplotype/PA165816524",
          "@context" : "https://api.pharmgkb.org/jsonld/haplotype.jsonld",
          "objCls" : "Haplotype",
          "id" : "PA165816524",
          "symbol" : "CYP2C19*8",
          "name" : "*8",
          "version" : 20
        },
        "version" : 1
      }, {
        "id" : 1449561721,
        "_label" : "*17",
        "function" : {
          "@id" : "https://pharmgkb.org/ontologyTerm/alleleFunction/haplotypeTags:1445558332",
          "@context" : "https://api.pharmgkb.org/jsonld/ontologyTerm.jsonld",
          "id" : 1445558332,
          "parents" : [ ],
          "resource" : "Allele Function",
          "term" : "Increased function",
          "termId" : "haplotypeTags:1445558332",
          "version" : 1
        },
        "haplotype" : {
          "@id" : "https://pharmgkb.org/haplotype/PA165816533",
          "@context" : "https://api.pharmgkb.org/jsonld/haplotype.jsonld",
          "objCls" : "Haplotype",
          "id" : "PA165816533",
          "symbol" : "CYP2C19*17",
          "name" : "*17",
          "version" : 22
        },
        "version" : 1
      }, {
        "id" : 1450805218,
        "_label" : "*4",
        "function" : {
          "@id" : "https://pharmgkb.org/ontologyTerm/alleleFunction/haplotypeTags:1445558515",
          "@context" : "https://api.pharmgkb.org/jsonld/ontologyTerm.jsonld",
          "id" : 1445558515,
          "parents" : [ ],
          "resource" : "Allele Function",
          "term" : "No function",
          "termId" : "haplotypeTags:1445558515",
          "version" : 1
        },
        "haplotype" : {
          "@id" : "https://pharmgkb.org/haplotype/PA165980637",
          "@context" : "https://api.pharmgkb.org/jsonld/haplotype.jsonld",
          "objCls" : "Haplotype",
          "id" : "PA165980637",
          "symbol" : "CYP2C19*4",
          "name" : "*4",
          "version" : 18
        },
        "version" : 0
      } ],
      "gene" : {
        "@id" : "https://pharmgkb.org/gene/PA124",
        "@context" : "https://api.pharmgkb.org/jsonld/gene.jsonld",
        "objCls" : "Gene",
        "id" : "PA124",
        "symbol" : "CYP2C19",
        "name" : "cytochrome P450 family 2 subfamily C member 19",
        "alleleFile" : "CYP2C19_allele_definition_table.xlsx",
        "altNames" : {
          "synonym" : [ "cytochrome P450, family 2, subfamily C, polypeptide 19" ],
          "symbol" : [ "CPCJ", "CYP2C", "P450IIC19" ]
        },
        "buildVersion" : "GRCh38.p7",
        "cbStart" : "q23.33",
        "cbStop" : "q23.33",
        "chr" : {
          "@id" : "https://pharmgkb.org/chromosome/PA504",
          "@context" : "https://api.pharmgkb.org/jsonld/chromosome.jsonld",
          "objCls" : "Chromosome",
          "id" : "PA504",
          "name" : "chr10",
          "version" : 3
        },
        "chrStartPosB37" : 96522463,
        "chrStartPosB38" : 94762681,
        "chrStopPosB37" : 96612671,
        "chrStopPosB38" : 94853205,
        "crossReferences" : [ {
          "@id" : "https://pharmgkb.org/crossReference/alfred/LO008778E",
          "@context" : "https://api.pharmgkb.org/jsonld/crossReference.jsonld",
          "id" : 560556304,
          "resource" : "ALFRED",
          "resourceId" : "LO008778E",
          "_url" : "http://alfred.med.yale.edu/alfred/recordinfop.asp?UNID=LO008778E",
          "version" : 0
        }, {
          "@id" : "https://pharmgkb.org/crossReference/ctd/1557",
          "@context" : "https://api.pharmgkb.org/jsonld/crossReference.jsonld",
          "id" : 553242512,
          "resource" : "Comparative Toxicogenomics Database",
          "resourceId" : "1557",
          "_url" : "http://ctdbase.org/detail.go?type=gene&acc=1557",
          "version" : 0
        }, {
          "@id" : "https://pharmgkb.org/crossReference/ensembl/ENSG00000165841",
          "@context" : "https://api.pharmgkb.org/jsonld/crossReference.jsonld",
          "id" : 132256028,
          "resource" : "Ensembl",
          "resourceId" : "ENSG00000165841",
          "_url" : "http://www.ensembl.org/Homo_sapiens/Gene/Summary?g=ENSG00000165841",
          "version" : 0
        }, {
          "@id" : "https://pharmgkb.org/crossReference/genAtlas/CYP2C19",
          "@context" : "https://api.pharmgkb.org/jsonld/crossReference.jsonld",
          "id" : 73372,
          "resource" : "GenAtlas",
          "resourceId" : "CYP2C19",
          "_url" : "http://genatlas.medecine.univ-paris5.fr/fiche.php?symbol=CYP2C19",
          "version" : 1
        }, {
          "@id" : "https://pharmgkb.org/crossReference/geneCard/CYP2C19",
          "@context" : "https://api.pharmgkb.org/jsonld/crossReference.jsonld",
          "id" : 88300,
          "resource" : "GeneCard",
          "resourceId" : "CYP2C19",
          "_url" : "http://www.genecards.org/cgi-bin/carddisp.pl?gene=CYP2C19",
          "version" : 1
        }, {
          "@id" : "https://pharmgkb.org/crossReference/go/GO:0004497",
          "@context" : "https://api.pharmgkb.org/jsonld/crossReference.jsonld",
          "id" : 34580,
          "resource" : "GO",
          "resourceId" : "GO:0004497",
          "_url" : "http://amigo.geneontology.org/amigo/term/GO%3A0004497",
          "version" : 1
        }, {
          "@id" : "https://pharmgkb.org/crossReference/go/GO:0005506",
          "@context" : "https://api.pharmgkb.org/jsonld/crossReference.jsonld",
          "id" : 34969,
          "resource" : "GO",
          "resourceId" : "GO:0005506",
          "_url" : "http://amigo.geneontology.org/amigo/term/GO%3A0005506",
          "version" : 1
        }, {
          "@id" : "https://pharmgkb.org/crossReference/go/GO:0005783",
          "@context" : "https://api.pharmgkb.org/jsonld/crossReference.jsonld",
          "id" : 34654,
          "resource" : "GO",
          "resourceId" : "GO:0005783",
          "_url" : "http://amigo.geneontology.org/amigo/term/GO%3A0005783",
          "version" : 1
        }, {
          "@id" : "https://pharmgkb.org/crossReference/go/GO:0005792",
          "@context" : "https://api.pharmgkb.org/jsonld/crossReference.jsonld",
          "id" : 35016,
          "resource" : "GO",
          "resourceId" : "GO:0005792",
          "_url" : "http://amigo.geneontology.org/amigo/term/GO%3A0005792",
          "version" : 1
        }, {
          "@id" : "https://pharmgkb.org/crossReference/go/GO:0006118",
          "@context" : "https://api.pharmgkb.org/jsonld/crossReference.jsonld",
          "id" : 35063,
          "resource" : "GO",
          "resourceId" : "GO:0006118",
          "_url" : "http://amigo.geneontology.org/amigo/term/GO%3A0006118",
          "version" : 1
        }, {
          "@id" : "https://pharmgkb.org/crossReference/go/GO:0016020",
          "@context" : "https://api.pharmgkb.org/jsonld/crossReference.jsonld",
          "id" : 34795,
          "resource" : "GO",
          "resourceId" : "GO:0016020",
          "_url" : "http://amigo.geneontology.org/amigo/term/GO%3A0016020",
          "version" : 1
        }, {
          "@id" : "https://pharmgkb.org/crossReference/go/GO:0016712",
          "@context" : "https://api.pharmgkb.org/jsonld/crossReference.jsonld",
          "id" : 8676615,
          "resource" : "GO",
          "resourceId" : "GO:0016712",
          "_url" : "http://amigo.geneontology.org/amigo/term/GO%3A0016712",
          "version" : 1
        }, {
          "@id" : "https://pharmgkb.org/crossReference/go/GO:0018675",
          "@context" : "https://api.pharmgkb.org/jsonld/crossReference.jsonld",
          "id" : 130200545,
          "resource" : "GO",
          "resourceId" : "GO:0018675",
          "_url" : "http://amigo.geneontology.org/amigo/term/GO%3A0018675",
          "version" : 0
        }, {
          "@id" : "https://pharmgkb.org/crossReference/go/GO:0018676",
          "@context" : "https://api.pharmgkb.org/jsonld/crossReference.jsonld",
          "id" : 62330469,
          "resource" : "GO",
          "resourceId" : "GO:0018676",
          "_url" : "http://amigo.geneontology.org/amigo/term/GO%3A0018676",
          "version" : 0
        }, {
          "@id" : "https://pharmgkb.org/crossReference/go/GO:0019825",
          "@context" : "https://api.pharmgkb.org/jsonld/crossReference.jsonld",
          "id" : 62329726,
          "resource" : "GO",
          "resourceId" : "GO:0019825",
          "_url" : "http://amigo.geneontology.org/amigo/term/GO%3A0019825",
          "version" : 0
        }, {
          "@id" : "https://pharmgkb.org/crossReference/go/GO:0020037",
          "@context" : "https://api.pharmgkb.org/jsonld/crossReference.jsonld",
          "id" : 77774616,
          "resource" : "GO",
          "resourceId" : "GO:0020037",
          "_url" : "http://amigo.geneontology.org/amigo/term/GO%3A0020037",
          "version" : 0
        }, {
          "@id" : "https://pharmgkb.org/crossReference/go/GO:0046872",
          "@context" : "https://api.pharmgkb.org/jsonld/crossReference.jsonld",
          "id" : 746292,
          "resource" : "GO",
          "resourceId" : "GO:0046872",
          "_url" : "http://amigo.geneontology.org/amigo/term/GO%3A0046872",
          "version" : 1
        }, {
          "@id" : "https://pharmgkb.org/crossReference/hgnc/HGNC:2621",
          "@context" : "https://api.pharmgkb.org/jsonld/crossReference.jsonld",
          "id" : 608081307,
          "resource" : "HGNC",
          "resourceId" : "HGNC:2621",
          "_url" : "https://www.genenames.org/data/gene-symbol-report/#!/hgnc_id/HGNC%3A2621",
          "version" : 1
        }, {
          "@id" : "https://pharmgkb.org/crossReference/HumanCycGene/HS09293",
          "@context" : "https://api.pharmgkb.org/jsonld/crossReference.jsonld",
          "id" : 608081309,
          "resource" : "HumanCyc Gene",
          "resourceId" : "HS09293",
          "_url" : "http://biocyc.org/HUMAN/NEW-IMAGE?object=HS09293",
          "version" : 0
        }, {
          "@id" : "https://pharmgkb.org/crossReference/modBase/P33261",
          "@context" : "https://api.pharmgkb.org/jsonld/crossReference.jsonld",
          "id" : 560874113,
          "resource" : "ModBase",
          "resourceId" : "P33261",
          "_url" : "http://salilab.org/modbase/search?modelflag=longest&databaseID=P33261",
          "version" : 0
        }, {
          "@id" : "https://pharmgkb.org/crossReference/mutDb/CYP2C19",
          "@context" : "https://api.pharmgkb.org/jsonld/crossReference.jsonld",
          "id" : 455910,
          "resource" : "MutDB",
          "resourceId" : "CYP2C19",
          "_url" : "http://www.mutdb.org/genes/search?_method=POST&data%5BSearch%5D%5Bidentifier%5D=CYP2C19",
          "version" : 1
        }, {
          "@id" : "https://pharmgkb.org/crossReference/entrezGene/1557",
          "@context" : "https://api.pharmgkb.org/jsonld/crossReference.jsonld",
          "id" : 10744,
          "resource" : "NCBI Gene",
          "resourceId" : "1557",
          "_url" : "https://www.ncbi.nlm.nih.gov/gene/1557",
          "version" : 1
        }, {
          "@id" : "https://pharmgkb.org/crossReference/omim/124020",
          "@context" : "https://api.pharmgkb.org/jsonld/crossReference.jsonld",
          "id" : 716,
          "resource" : "OMIM",
          "resourceId" : "124020",
          "_url" : "http://omim.org/entry/124020",
          "version" : 1
        }, {
          "@id" : "https://pharmgkb.org/crossReference/omim/609535",
          "@context" : "https://api.pharmgkb.org/jsonld/crossReference.jsonld",
          "id" : 560556306,
          "resource" : "OMIM",
          "resourceId" : "609535",
          "_url" : "http://omim.org/entry/609535",
          "version" : 0
        }, {
          "@id" : "https://pharmgkb.org/crossReference/pharmVarGene/CYP2C19",
          "@context" : "https://api.pharmgkb.org/jsonld/crossReference.jsonld",
          "id" : 1451280335,
          "resource" : "PharmVar Gene",
          "resourceId" : "CYP2C19",
          "_url" : "https://www.pharmvar.org/gene/CYP2C19",
          "version" : 0
        }, {
          "@id" : "https://pharmgkb.org/crossReference/refSeqDna/NG_008384",
          "@context" : "https://api.pharmgkb.org/jsonld/crossReference.jsonld",
          "id" : 560556305,
          "resource" : "RefSeq DNA",
          "resourceId" : "NG_008384",
          "_url" : "https://www.ncbi.nlm.nih.gov/nuccore/NG_008384",
          "version" : 0
        }, {
          "@id" : "https://pharmgkb.org/crossReference/refSeqDna/NT_030059",
          "@context" : "https://api.pharmgkb.org/jsonld/crossReference.jsonld",
          "id" : 37037,
          "resource" : "RefSeq DNA",
          "resourceId" : "NT_030059",
          "_url" : "https://www.ncbi.nlm.nih.gov/nuccore/NT_030059",
          "version" : 1
        }, {
          "@id" : "https://pharmgkb.org/crossReference/refSeqProtein/NP_000760",
          "@context" : "https://api.pharmgkb.org/jsonld/crossReference.jsonld",
          "id" : 37896,
          "resource" : "RefSeq Protein",
          "resourceId" : "NP_000760",
          "_url" : "https://www.ncbi.nlm.nih.gov/nuccore/NP_000760",
          "version" : 1
        }, {
          "@id" : "https://pharmgkb.org/crossReference/refSeqRna/NM_000769",
          "@context" : "https://api.pharmgkb.org/jsonld/crossReference.jsonld",
          "id" : 46971,
          "resource" : "RefSeq RNA",
          "resourceId" : "NM_000769",
          "_url" : "https://www.ncbi.nlm.nih.gov/nuccore/NM_000769",
          "version" : 1
        }, {
          "@id" : "https://pharmgkb.org/crossReference/ucscGenomeBrowser/NM_000769",
          "@context" : "https://api.pharmgkb.org/jsonld/crossReference.jsonld",
          "id" : 122288,
          "resource" : "UCSC Genome Browser",
          "resourceId" : "NM_000769",
          "_url" : "http://genome.ucsc.edu/cgi-bin/hgTracks?Submit=Submit&position=NM_000769",
          "version" : 1
        }, {
          "@id" : "https://pharmgkb.org/crossReference/uniProtKb/P33261",
          "@context" : "https://api.pharmgkb.org/jsonld/crossReference.jsonld",
          "id" : 62333091,
          "name" : "CP2CJ_HUMAN",
          "resource" : "UniProtKB",
          "resourceId" : "P33261",
          "_url" : "http://www.uniprot.org/uniprot/P33261",
          "version" : 1
        }, {
          "@id" : "https://pharmgkb.org/crossReference/url/http://www.imm.ki.se/CYPalleles/cyp2c19.htm",
          "@context" : "https://api.pharmgkb.org/jsonld/crossReference.jsonld",
          "id" : 88,
          "resource" : "URL",
          "resourceId" : "http://www.imm.ki.se/CYPalleles/cyp2c19.htm",
          "_url" : "http://www.imm.ki.se/CYPalleles/cyp2c19.htm",
          "version" : 1
        } ],
        "strand" : "plus",
        "terms" : [ {"@id":"https://pharmgkb.org/ontologyTerm/GO/GO:0004497","@context":"https://api.pharmgkb.org/jsonld/ontologyTerm.jsonld","id":560498878,"_url":"http://amigo.geneontology.org/amigo/term/GO:0004497","resource":"Gene Ontology","term":"monooxygenase activity","termId":"GO:0004497"}, {"@id":"https://pharmgkb.org/ontologyTerm/GO/GO:0005783","@context":"https://api.pharmgkb.org/jsonld/ontologyTerm.jsonld","id":560500134,"_url":"http://amigo.geneontology.org/amigo/term/GO:0005783","resource":"Gene Ontology","term":"endoplasmic reticulum","termId":"GO:0005783"}, {"@id":"https://pharmgkb.org/ontologyTerm/GO/GO:0005789","@context":"https://api.pharmgkb.org/jsonld/ontologyTerm.jsonld","id":560500141,"_url":"http://amigo.geneontology.org/amigo/term/GO:0005789","resource":"Gene Ontology","term":"endoplasmic reticulum membrane","termId":"GO:0005789"}, {"@id":"https://pharmgkb.org/ontologyTerm/GO/GO:0005792","@context":"https://api.pharmgkb.org/jsonld/ontologyTerm.jsonld","id":560500144,"_url":"http://amigo.geneontology.org/amigo/term/GO:0005792","resource":"Gene Ontology","term":"microsome","termId":"GO:0005792"}, {"@id":"https://pharmgkb.org/ontologyTerm/GO/GO:0008202","@context":"https://api.pharmgkb.org/jsonld/ontologyTerm.jsonld","id":560501294,"_url":"http://amigo.geneontology.org/amigo/term/GO:0008202","resource":"Gene Ontology","term":"steroid metabolic process","termId":"GO:0008202"}, {"@id":"https://pharmgkb.org/ontologyTerm/GO/GO:0008395","@context":"https://api.pharmgkb.org/jsonld/ontologyTerm.jsonld","id":560496176,"_url":"http://amigo.geneontology.org/amigo/term/GO:0008395","resource":"Gene Ontology","term":"steroid hydroxylase activity","termId":"GO:0008395"}, {"@id":"https://pharmgkb.org/ontologyTerm/GO/GO:0009055","@context":"https://api.pharmgkb.org/jsonld/ontologyTerm.jsonld","id":560503412,"_url":"http://amigo.geneontology.org/amigo/term/GO:0009055","resource":"Gene Ontology","term":"electron carrier activity","termId":"GO:0009055"}, {"@id":"https://pharmgkb.org/ontologyTerm/GO/GO:0016020","@context":"https://api.pharmgkb.org/jsonld/ontologyTerm.jsonld","id":560499972,"_url":"http://amigo.geneontology.org/amigo/term/GO:0016020","resource":"Gene Ontology","term":"membrane","termId":"GO:0016020"}, {"@id":"https://pharmgkb.org/ontologyTerm/GO/GO:0016098","@context":"https://api.pharmgkb.org/jsonld/ontologyTerm.jsonld","id":560506711,"_url":"http://amigo.geneontology.org/amigo/term/GO:0016098","resource":"Gene Ontology","term":"monoterpenoid metabolic process","termId":"GO:0016098"}, {"@id":"https://pharmgkb.org/ontologyTerm/GO/GO:0016491","@context":"https://api.pharmgkb.org/jsonld/ontologyTerm.jsonld","id":560495264,"_url":"http://amigo.geneontology.org/amigo/term/GO:0016491","resource":"Gene Ontology","term":"oxidoreductase activity","termId":"GO:0016491"}, {"@id":"https://pharmgkb.org/ontologyTerm/GO/GO:0017144","@context":"https://api.pharmgkb.org/jsonld/ontologyTerm.jsonld","id":560507281,"_url":"http://amigo.geneontology.org/amigo/term/GO:0017144","resource":"Gene Ontology","term":"drug metabolic process","termId":"GO:0017144"}, {"@id":"https://pharmgkb.org/ontologyTerm/GO/GO:0018675","@context":"https://api.pharmgkb.org/jsonld/ontologyTerm.jsonld","id":560508105,"_url":"http://amigo.geneontology.org/amigo/term/GO:0018675","resource":"Gene Ontology","term":"(S)-limonene 6-monooxygenase activity","termId":"GO:0018675"}, {"@id":"https://pharmgkb.org/ontologyTerm/GO/GO:0018676","@context":"https://api.pharmgkb.org/jsonld/ontologyTerm.jsonld","id":560508106,"_url":"http://amigo.geneontology.org/amigo/term/GO:0018676","resource":"Gene Ontology","term":"(S)-limonene 7-monooxygenase activity","termId":"GO:0018676"}, {"@id":"https://pharmgkb.org/ontologyTerm/GO/GO:0019825","@context":"https://api.pharmgkb.org/jsonld/ontologyTerm.jsonld","id":560509226,"_url":"http://amigo.geneontology.org/amigo/term/GO:0019825","resource":"Gene Ontology","term":"oxygen binding","termId":"GO:0019825"}, {"@id":"https://pharmgkb.org/ontologyTerm/GO/GO:0019899","@context":"https://api.pharmgkb.org/jsonld/ontologyTerm.jsonld","id":560496866,"_url":"http://amigo.geneontology.org/amigo/term/GO:0019899","resource":"Gene Ontology","term":"enzyme binding","termId":"GO:0019899"}, {"@id":"https://pharmgkb.org/ontologyTerm/GO/GO:0020037","@context":"https://api.pharmgkb.org/jsonld/ontologyTerm.jsonld","id":560509358,"_url":"http://amigo.geneontology.org/amigo/term/GO:0020037","resource":"Gene Ontology","term":"heme binding","termId":"GO:0020037"}, {"@id":"https://pharmgkb.org/ontologyTerm/GO/GO:0033767","@context":"https://api.pharmgkb.org/jsonld/ontologyTerm.jsonld","id":560513624,"_url":"http://amigo.geneontology.org/amigo/term/GO:0033767","resource":"Gene Ontology","term":"4-hydroxyacetophenone monooxygenase activity","termId":"GO:0033767"}, {"@id":"https://pharmgkb.org/ontologyTerm/GO/GO:0042738","@context":"https://api.pharmgkb.org/jsonld/ontologyTerm.jsonld","id":560515690,"_url":"http://amigo.geneontology.org/amigo/term/GO:0042738","resource":"Gene Ontology","term":"exogenous drug catabolic process","termId":"GO:0042738"}, {"@id":"https://pharmgkb.org/ontologyTerm/GO/GO:0046483","@context":"https://api.pharmgkb.org/jsonld/ontologyTerm.jsonld","id":560495388,"_url":"http://amigo.geneontology.org/amigo/term/GO:0046483","resource":"Gene Ontology","term":"heterocycle metabolic process","termId":"GO:0046483"}, {"@id":"https://pharmgkb.org/ontologyTerm/GO/GO:0046872","@context":"https://api.pharmgkb.org/jsonld/ontologyTerm.jsonld","id":560495445,"_url":"http://amigo.geneontology.org/amigo/term/GO:0046872","resource":"Gene Ontology","term":"metal ion binding","termId":"GO:0046872"}, {"@id":"https://pharmgkb.org/ontologyTerm/GO/GO:0055114","@context":"https://api.pharmgkb.org/jsonld/ontologyTerm.jsonld","id":560509993,"_url":"http://amigo.geneontology.org/amigo/term/GO:0055114","resource":"Gene Ontology","term":"oxidation reduction","termId":"GO:0055114"} ],
        "version" : 7209
      },
      "version" : 1
    } ],
    "history" : [ {
      "id" : 1183699770,
      "date" : "2011-06-22T00:00:00-07:00",
      "type" : "Create",
      "version" : 0
    }, {
      "id" : 1183699757,
      "date" : "2013-05-22T00:00:00-07:00",
      "type" : "Update",
      "version" : 0
    } ],
    "literature" : [ {"@id":"https://pharmgkb.org/literature/15058235","@context":"https://api.pharmgkb.org/jsonld/literature.jsonld","id":15058235,"resourceId":"23698643","title":"Clinical Pharmacogenetics Implementation Consortium guidelines for CYP2C19 genotype and clopidogrel therapy: 2013 update.","_sameAs":"https://www.ncbi.nlm.nih.gov/pmc/articles/PMC3748366","crossReferences":[{"@id":"https://pharmgkb.org/crossReference/pmc/PMC3748366","@context":"https://api.pharmgkb.org/jsonld/crossReference.jsonld","id":1449276503,"resource":"PubMed Central","resourceId":"PMC3748366","_url":"https://www.ncbi.nlm.nih.gov/pmc/articles/PMC3748366"},{"@id":"https://pharmgkb.org/crossReference/pubMed/23698643","@context":"https://api.pharmgkb.org/jsonld/crossReference.jsonld","id":1449276502,"resource":"PubMed","resourceId":"23698643","_url":"https://www.ncbi.nlm.nih.gov/pubmed/23698643"},{"@id":"https://pharmgkb.org/crossReference/doi/10.1038/clpt.2013.105","@context":"https://api.pharmgkb.org/jsonld/crossReference.jsonld","id":1449276504,"resource":"DOI","resourceId":"10.1038/clpt.2013.105","_url":"http://dx.doi.org/10.1038%2Fclpt.2013.105"}],"objCls":"Literature","type":"Article"}, {"@id":"https://pharmgkb.org/literature/8231172","@context":"https://api.pharmgkb.org/jsonld/literature.jsonld","id":8231172,"resourceId":"21716271","title":"Clinical Pharmacogenetics Implementation Consortium guidelines for cytochrome P450-2C19 (CYP2C19) genotype and clopidogrel therapy.","_sameAs":"https://www.ncbi.nlm.nih.gov/pmc/articles/PMC3234301","crossReferences":[{"@id":"https://pharmgkb.org/crossReference/pmc/PMC3234301","@context":"https://api.pharmgkb.org/jsonld/crossReference.jsonld","id":1449250640,"resource":"PubMed Central","resourceId":"PMC3234301","_url":"https://www.ncbi.nlm.nih.gov/pmc/articles/PMC3234301"},{"@id":"https://pharmgkb.org/crossReference/pubMed/21716271","@context":"https://api.pharmgkb.org/jsonld/crossReference.jsonld","id":827692890,"resource":"PubMed","resourceId":"21716271","_url":"https://www.ncbi.nlm.nih.gov/pubmed/21716271"},{"@id":"https://pharmgkb.org/crossReference/doi/10.1038/clpt.2011.132","@context":"https://api.pharmgkb.org/jsonld/crossReference.jsonld","id":1449250641,"resource":"DOI","resourceId":"10.1038/clpt.2011.132","_url":"http://dx.doi.org/10.1038%2Fclpt.2011.132"}],"objCls":"Literature","type":"Article"}, {"@id":"https://pharmgkb.org/literature/15100915","@context":"https://api.pharmgkb.org/jsonld/literature.jsonld","id":15100915,"resourceId":"https://cpicpgx.org/guidelines/guideline-for-clopidogrel-and-cyp2c19/","title":"CPIC® Guideline for Clopidogrel and CYP2C19 – CPIC","_sameAs":"https://cpicpgx.org/guidelines/guideline-for-clopidogrel-and-cyp2c19/","crossReferences":[{"@id":"https://pharmgkb.org/crossReference/url/https://cpicpgx.org/guidelines/guideline-for-clopidogrel-and-cyp2c19/","@context":"https://api.pharmgkb.org/jsonld/crossReference.jsonld","id":1447983490,"resource":"URL","resourceId":"https://cpicpgx.org/guidelines/guideline-for-clopidogrel-and-cyp2c19/","_url":"https://cpicpgx.org/guidelines/guideline-for-clopidogrel-and-cyp2c19/"}],"objCls":"Literature","type":"Web Page"} ],
    "pediatric" : false,
    "recommendation" : true,
    "relatedAlleles" : [ ],
    "relatedChemicals" : [ {
      "@id" : "https://pharmgkb.org/chemical/PA449053",
      "@context" : "https://api.pharmgkb.org/jsonld/chemical.jsonld",
      "objCls" : "Chemical",
      "id" : "PA449053",
      "name" : "clopidogrel",
      "version" : 19
    } ],
    "relatedGenes" : [ {
      "@id" : "https://pharmgkb.org/gene/PA124",
      "@context" : "https://api.pharmgkb.org/jsonld/gene.jsonld",
      "objCls" : "Gene",
      "id" : "PA124",
      "symbol" : "CYP2C19",
      "name" : "cytochrome P450 family 2 subfamily C member 19",
      "version" : 7209
    } ],
    "source" : "Clinical Pharmacogenetics Implementation Consortium",
    "summaryMarkdown" : {
      "id" : 1447981866,
      "html" : "<p>The CPIC Dosing Guideline for clopidogrel recommends an alternative antiplatelet therapy (e.g., prasugrel, ticagrelor) for CYP2C19 poor or intermediate metabolizers if there is no contraindication.</p>\n",
      "version" : 0
    },
    "terms" : [ ],
    "textMarkdown" : {
      "id" : 1447981865,
      "html" : "<p>This annotation is based on the <a rel=\"noopener noreferrer\" href=\"https://cpicpgx.org/guidelines/guideline-for-clopidogrel-and-cyp2c19/\" target=\"_blank\">CPIC&reg; guideline for clopidogrel and CYP2C19</a>.</p>\n<h3 id=\"september-2013-update\">September 2013 Update</h3>\n<p><em>Advance online publication May 2013.</em></p>\n<ul>\n<li>The 2013 update of CPIC guidelines regarding clopidogrel have been published in Clinical Pharmacology and Therapeutics by the Clinical Pharmacogenetics Implementation Consortium <a rel=\"noopener noreferrer\" href=\"https://cpicpgx.org/\" target=\"_blank\">(CPIC)</a>. Literature published between 1966 to January 2013 was reviewed. The updated therapeutic recommendations are more focused to patients with acute coronary syndromes undergoing percutaneous coronary intervention (ACS/PCI) than the original guideline, with additional updates involve refined recommendations for variant and novel <em>CYP2C19</em> alleles beyond *2.</li>\n<li>At the time of the development of this recommendation, there are no data available on the possible role of CYP2C19 in clopidogrel response in pediatric patient populations; however, there is no reason to suspect that CYP2C19 variant alleles would affect clopidogrel metabolism differently in children as compared with adults.</li>\n<li>Download and read:\n<ul>\n<li><a rel=\"noopener noreferrer\" href=\"https://cpicpgx.org/content/guideline/publication/clopidogrel/2013/23698643.pdf\" target=\"_blank\">Clinical Pharmacogenetics Implementation Consortium guidelines for CYP2C19 genotype and clopidogrel therapy: 2013 update</a></li>\n<li><a rel=\"noopener noreferrer\" href=\"https://cpicpgx.org/content/guideline/publication/clopidogrel/2013/23698643-supplement.pdf\" target=\"_blank\">2013 supplement</a></li>\n</ul>\n</li>\n</ul>\n<h3 id=\"table-1-antiplatelet-therapy-recommendations-based-on-cyp2c19-status-when-considering-clopidogrel-for-acs-patients-undergoing-pci\">Table 1: Antiplatelet therapy recommendations based on CYP2C19 status when considering clopidogrel for ACS patients undergoing PCI</h3>\n<p><em>Adapted from Tables 1 and 2 of the 2013 guideline manuscript.</em></p>\n<table class=\"table\">\n<thead>\n<tr><th>Likely phenotype</th><th>Genotypes</th><th>Examples of diplotypes</th><th>Implications for clopidogrel</th><th>Therapeutic recommendations</th><th>Classification of recommendations</th></tr>\n</thead>\n<tbody>\n<tr><td>Ultrarapid metabolizer (UM) (~5-30% of patients)</td><td>An individual carrying two increased activity alleles (*17) or one functional allele (*1) plus one increased activity allele (*17)</td><td>*1/*17, *17/*17</td><td>Increased platelet inhibition; decreased residual platelet aggregation <sup>1</sup></td><td>Clopidogrel - label recommended dosage and administration</td><td>Strong</td></tr>\n<tr><td>Extensive metabolizer (EM) (~35-50% of patients)</td><td>An individual carrying two functional (*1) alleles</td><td>*1/*1</td><td>Normal platelet inhibition; normal residual platelet aggregation</td><td>Clopidogrel - label recommended dosage and administration</td><td>Strong</td></tr>\n<tr><td>Intermediate metabolizer (IM) (~18-45% of patients)</td><td>An individual carrying one functional allele (*1) plus one loss-of-function allele (*2-*8) or one loss-of-function allele (*2-*8) plus one increased activity allele (*17) <sup>2</sup></td><td>*1/*2, *1/*3, *2/*17</td><td>Reduced platelet inhibition; increased residual platelet aggregation; increased risk for adverse cardiovascular events</td><td>Alternative antiplatelet therapy (if no contraindication); e.g., prasugrel, ticagrelor</td><td>Moderate</td></tr>\n<tr><td>Poor metabolizer (PM) (~2-15% of patients)</td><td>An individual carrying two loss-of-function alleles (*2-*8)</td><td>*2/*2, *2/*3, *3/*3</td><td>Significantly reduced platelet inhibition; increased residual platelet aggregation; increased risk for adverse cardiovascular events</td><td>Alternative antiplatelet therapy (if no contraindication); e.g., prasugrel, ticagrelor</td><td>Strong</td></tr>\n</tbody>\n</table>\n<p><sup>1</sup> The CYP2C19*17 allele (<a href=\"/variant/PA166154147\">rs12248560</a>) may be associated with increased risk of bleeding.</p>\n<p><sup>2</sup> The predicted metabolizer phenotype for *2-*8/*17 genotypes are provisional classifications. The currently available evidence indicates that the *17 gain-of-function allele is unable to completely compensate for the *2 loss-of-function allele [Article:<a href=\"/pmid/20492469\">20492469</a>]; however, this data has not been consistently replicated and is therefore a provisional classification (Table S5).</p>\n<p>An important caveat for all genotyping tests is that the &quot;wild-type&quot; (*1) status is reported if all other alleles that are measured are absent.  Some genotype tests do not interrogate the rare loss of function alleles and therefore, if present, they may be erroneously reported as &quot;wild type&quot;. Furthermore, in human DNA, it is always possible that a new, previously undiscovered (and therefore un-interrogated) site of variation may confer altered enzyme function in an individual, and thus lead to the rare possibility of a loss-of-function allele being erroneously called as &quot;wild-type&quot; (*1). The guidelines do not focus on demographic and other clinical variables, such as adherence to therapy, age, diabetes mellitus, obesity, smoking, and concomitant use of other drugs that may influence clopidogrel efficacy and clinical decision making.</p>\n<p><strong>The American Society of Health-System Pharmacists (ASHP) has endorsed the Clinical Pharmacogenetics Implementation Consortium guidelines for cytochrome P450-2C19 (CYP2C19) genotype and clopidogrel therapy.</strong></p>\n<h3 id=\"august-2011\">August 2011</h3>\n<p><em>Advance online publication June 2011.</em></p>\n<ul>\n<li>Guidelines regarding the use of pharmacogenomic tests in dosing for clopidogrel were published in Clinical Pharmacology and Therapeutics by the Clinical Pharmacogenetics Implementation Consortium <a rel=\"noopener noreferrer\" href=\"https://cpicpgx.org/\" target=\"_blank\">(CPIC)</a>.</li>\n<li>Download and read:\n<ul>\n<li><a rel=\"noopener noreferrer\" href=\"https://cpicpgx.org/content/guideline/publication/clopidogrel/2011/21716271.pdf\" target=\"_blank\">Clinical Pharmacogenetics Implementation Consortium guidelines for cytochrome P450-2C19 (CYP2C19) genotype and clopidogrel therapy</a></li>\n<li><a rel=\"noopener noreferrer\" href=\"https://cpicpgx.org/content/guideline/publication/clopidogrel/2011/21716271-supplement.pdf\" target=\"_blank\">2011 supplement</a></li>\n</ul>\n</li>\n</ul>\n",
      "version" : 14
    },
    "userId" : "whaleyr",
    "version" : 40
  }
}