{
  "citations" : [ {
    "@id" : "https://pharmgkb.org/literature/7283333",
    "@context" : "https://api.pharmgkb.org/jsonld/literature.jsonld",
    "id" : 7283333,
    "resourceId" : "21412232",
    "title" : "Pharmacogenetics: from bench to byte--an update of guidelines.",
    "_sameAs" : "https://www.ncbi.nlm.nih.gov/pubmed/21412232",
    "authors" : [ "Swen J J", "Nijenhuis M", "de Boer A", "Grandia L", "Maitland-van der Zee A H", "Mulder H", "Rongen G A P J M", "van Schaik R H N", "Schalekamp T", "Touw D J", "van der Weide J", "Wilffert B", "Deneer V H M", "Guchelaar H-J" ],
    "crossReferences" : [ {
      "@id" : "https://pharmgkb.org/crossReference/pubMed/21412232",
      "@context" : "https://api.pharmgkb.org/jsonld/crossReference.jsonld",
      "id" : 769250885,
      "resource" : "PubMed",
      "resourceId" : "21412232",
      "_url" : "https://www.ncbi.nlm.nih.gov/pubmed/21412232",
      "version" : 0
    }, {
      "@id" : "https://pharmgkb.org/crossReference/doi/10.1038/clpt.2011.34",
      "@context" : "https://api.pharmgkb.org/jsonld/crossReference.jsonld",
      "id" : 1449247827,
      "resource" : "DOI",
      "resourceId" : "10.1038/clpt.2011.34",
      "_url" : "http://dx.doi.org/10.1038%2Fclpt.2011.34",
      "version" : 0
    } ],
    "hasKeyword" : true,
    "journal" : "Clinical pharmacology and therapeutics",
    "meshDiseases" : [ ],
    "meshTerms" : [ "Animals", "Aryl Hydrocarbon Hydroxylases", "Cytochrome P-450 CYP2C9", "Drug Administration Schedule", "Drug-Related Side Effects and Adverse Reactions", "Humans", "Pharmaceutical Preparations", "Pharmacogenetics", "Practice Guidelines as Topic" ],
    "month" : 5,
    "nonHuman" : false,
    "objCls" : "Literature",
    "page" : "662-73",
    "pediatric" : false,
    "pgkbPublication" : false,
    "pubDate" : "2011-05-01T00:00:00-07:00",
    "summary" : "Currently, there are very few guidelines linking the results of pharmacogenetic tests to specific therapeutic recommendations. Therefore, the Royal Dutch Association for the Advancement of Pharmacy established the Pharmacogenetics Working Group with the objective of developing pharmacogenetics-based therapeutic (dose) recommendations. After systematic review of the literature, recommendations were developed for 53 drugs associated with genes coding for CYP2D6, CYP2C19, CYP2C9, thiopurine-S-methyltransferase (TPMT), dihydropyrimidine dehydrogenase (DPD), vitamin K epoxide reductase (VKORC1), uridine diphosphate glucuronosyltransferase 1A1 (UGT1A1), HLA-B44, HLA-B*5701, CYP3A5, and factor V Leiden (FVL).",
    "type" : "Article",
    "version" : 2,
    "volume" : "89",
    "year" : 2011
  } ],
  "guideline" : {
    "@id" : "https://pharmgkb.org/guidelineAnnotation/PA166104983",
    "@context" : "https://api.pharmgkb.org/jsonld/guidelineAnnotation.jsonld",
    "objCls" : "Guideline Annotation",
    "id" : "PA166104983",
    "name" : "Annotation of DPWG Guideline for tacrolimus and CYP3A5",
    "cancerGenome" : false,
    "crossReferences" : [ ],
    "guidelineGenes" : [ ],
    "history" : [ {
      "id" : 1183704531,
      "date" : "2011-08-10T00:00:00-07:00",
      "type" : "Create",
      "version" : 0
    }, {
      "id" : 1450414922,
      "date" : "2019-05-23T08:19:51.154-07:00",
      "description" : "Annotation current with November 2018 DPWG Guideline release",
      "type" : "Update",
      "version" : 0
    }, {
      "id" : 1450820682,
      "date" : "2019-10-03T16:38:07.181-07:00",
      "description" : "No changes based on August 2019 guidelines",
      "type" : "Update",
      "version" : 0
    }, {
      "id" : 1450956420,
      "date" : "2020-01-31T14:18:56.499-08:00",
      "description" : "Updated link to 2011 DPWG methods",
      "type" : "Update",
      "version" : 0
    }, {
      "id" : 1450963904,
      "date" : "2020-02-11T07:58:37.393-08:00",
      "description" : "Fixed links to 2018 guideline pdfs.",
      "type" : "Update",
      "version" : 0
    }, {
      "id" : 1451153180,
      "date" : "2020-06-01T14:05:01.035-07:00",
      "description" : "Changes based on May 2020 guidelines",
      "type" : "Update",
      "version" : 0
    } ],
    "literature" : [ {"@id":"https://pharmgkb.org/literature/7283333","@context":"https://api.pharmgkb.org/jsonld/literature.jsonld","id":7283333,"resourceId":"21412232","title":"Pharmacogenetics: from bench to byte--an update of guidelines.","_sameAs":"https://www.ncbi.nlm.nih.gov/pubmed/21412232","crossReferences":[{"@id":"https://pharmgkb.org/crossReference/pubMed/21412232","@context":"https://api.pharmgkb.org/jsonld/crossReference.jsonld","id":769250885,"resource":"PubMed","resourceId":"21412232","_url":"https://www.ncbi.nlm.nih.gov/pubmed/21412232"},{"@id":"https://pharmgkb.org/crossReference/doi/10.1038/clpt.2011.34","@context":"https://api.pharmgkb.org/jsonld/crossReference.jsonld","id":1449247827,"resource":"DOI","resourceId":"10.1038/clpt.2011.34","_url":"http://dx.doi.org/10.1038%2Fclpt.2011.34"}],"objCls":"Literature","type":"Article"}, {"@id":"https://pharmgkb.org/literature/15103288","@context":"https://api.pharmgkb.org/jsonld/literature.jsonld","id":15103288,"resourceId":"https://www.knmp.nl/downloads/pharmacogenetic-recommendations-august-2019.pdf","title":"Dutch Pharmacogenetics Working Group Guidelines August 2019","_sameAs":"https://www.knmp.nl/downloads/pharmacogenetic-recommendations-august-2019.pdf","crossReferences":[{"@id":"https://pharmgkb.org/crossReference/url/https://www.knmp.nl/downloads/pharmacogenetic-recommendations-august-2019.pdf","@context":"https://api.pharmgkb.org/jsonld/crossReference.jsonld","id":1450815695,"resource":"URL","resourceId":"https://www.knmp.nl/downloads/pharmacogenetic-recommendations-august-2019.pdf","_url":"https://www.knmp.nl/downloads/pharmacogenetic-recommendations-august-2019.pdf"}],"objCls":"Literature","type":"Web Page"}, {"@id":"https://pharmgkb.org/literature/15111722","@context":"https://api.pharmgkb.org/jsonld/literature.jsonld","id":15111722,"resourceId":"https://www.knmp.nl/downloads/pharmacogenetic-recommendations-may-2020.pdf","title":"Dutch Pharmacogenetics Working Group Guidelines May 2020","_sameAs":"https://www.knmp.nl/downloads/pharmacogenetic-recommendations-may-2020.pdf","crossReferences":[{"@id":"https://pharmgkb.org/crossReference/url/https://www.knmp.nl/downloads/pharmacogenetic-recommendations-may-2020.pdf","@context":"https://api.pharmgkb.org/jsonld/crossReference.jsonld","id":1451152900,"resource":"URL","resourceId":"https://www.knmp.nl/downloads/pharmacogenetic-recommendations-may-2020.pdf","_url":"https://www.knmp.nl/downloads/pharmacogenetic-recommendations-may-2020.pdf"}],"objCls":"Literature","type":"Web Page"}, {"@id":"https://pharmgkb.org/literature/15102465","@context":"https://api.pharmgkb.org/jsonld/literature.jsonld","id":15102465,"resourceId":"https://www.knmp.nl/downloads/pharmacogenetic-recommendations-november-2018.pdf","title":"Dutch Pharmacogenetics Working Group Guidelines November 2018","_sameAs":"https://www.knmp.nl/downloads/pharmacogenetic-recommendations-november-2018.pdf","crossReferences":[{"@id":"https://pharmgkb.org/crossReference/url/https://www.knmp.nl/downloads/pharmacogenetic-recommendations-november-2018.pdf","@context":"https://api.pharmgkb.org/jsonld/crossReference.jsonld","id":1450415575,"resource":"URL","resourceId":"https://www.knmp.nl/downloads/pharmacogenetic-recommendations-november-2018.pdf","_url":"https://www.knmp.nl/downloads/pharmacogenetic-recommendations-november-2018.pdf"}],"objCls":"Literature","type":"Web Page"} ],
    "pediatric" : false,
    "recommendation" : true,
    "relatedAlleles" : [ {
      "@id" : "https://pharmgkb.org/haplotype/PA166128219",
      "@context" : "https://api.pharmgkb.org/jsonld/haplotype.jsonld",
      "objCls" : "Haplotype",
      "id" : "PA166128219",
      "symbol" : "CYP3A5*3",
      "name" : "*3",
      "version" : 5
    } ],
    "relatedChemicals" : [ {
      "@id" : "https://pharmgkb.org/chemical/PA451578",
      "@context" : "https://api.pharmgkb.org/jsonld/chemical.jsonld",
      "objCls" : "Chemical",
      "id" : "PA451578",
      "name" : "tacrolimus",
      "version" : 23
    } ],
    "relatedGenes" : [ {
      "@id" : "https://pharmgkb.org/gene/PA131",
      "@context" : "https://api.pharmgkb.org/jsonld/gene.jsonld",
      "objCls" : "Gene",
      "id" : "PA131",
      "symbol" : "CYP3A5",
      "name" : "cytochrome P450 family 3 subfamily A member 5",
      "version" : 7960
    } ],
    "source" : "Dutch Pharmacogenetics Working Group",
    "summaryMarkdown" : {
      "id" : 1447981954,
      "html" : "<p>Increased doses of tacrolimus are recommended for CYP3A5 heterozygous and homozygous expressors and adjusted as needed. Instructions for liver transplantation patients include genotypes of both patient and donor.</p>\n",
      "version" : 2
    },
    "terms" : [ ],
    "textMarkdown" : {
      "id" : 1447981953,
      "html" : "<h3 id=\"may-2020-update\">May 2020 Update</h3>\n<p>The Royal Dutch Pharmacists Association - Pharmacogenetics Working Group has evaluated therapeutic dose recommendations for tacrolimus based on CYP3A5 status and includes recommendations for liver transplantations and other transplantations. They recommend increasing the initial dose followed by adjustment based on therapeutic drug monitoring in both heterozygous and homozygous CYP3A5 expressor.</p>\n<p><em>Wording in table taken from the <a href=\"https://api.pharmgkb.org/v1/download/file/attachment/DPWG_May_2020.pdf\">Dutch guidelines May 2020 update</a>.</em></p>\n<table class=\"table\">\n<thead>\n<tr>\n<th>Allele/Genotype/Phenotype</th>\n<th>Drug</th>\n<th>Description</th>\n<th>Recommendation Indications OTHER than liver transplantation</th>\n<th>Recommendation LIVER transplantation</th>\n</tr>\n</thead>\n<tbody>\n<tr>\n<td>CYP3A5 heterozygote expressor</td>\n<td>tacrolimus</td>\n<td>An increase of the initial dose can result in an increased chance of reaching a tacrolimus concentration within the target range before the start of therapeutic drug monitoring. However, there is no direct evidence that this results in improved clinical results. The genetic variation results in increased conversion of tacrolimus to inactive metabolites and therefore in a higher required dose.</td>\n<td>Use 1.5 times the initial dose that would yield the desired result in non-expressers. Adjustment of the dose should then be based on therapeutic drug monitoring.</td>\n<td>In addition to the patient’s genotype, the metabolism of tacrolimus is also determined by the genotype of the transplanted liver.<br/>LIVER is also of the genotype HETEROZYGOUS EXPRESSOR: Use 1.5 times the normal initial dose. Adjustment of the dose should then be based on therapeutic drug monitoring.<br/>If LIVER has a DIFFERENT genotype: There is insufficient evidence in the literature to support a dose recommendation.</td>\n</tr>\n<tr>\n<td>CYP3A5 homozygous expressor</td>\n<td>tacrolimus</td>\n<td>An increase of the initial dose can result in an increased chance of reaching a tacrolimus concentration within the target range before the start of therapeutic drug monitoring. However, there is no direct evidence that this results in improved clinical results. The genetic variation results in an increased conversion of tacrolimus to inactive metabolites and therefore a higher required dose.</td>\n<td>Use 2.5 times the initial dose that would yield the desired result in non-expressers. Adjustment of the dose should then be based on therapeutic drug monitoring.</td>\n<td>In addition to the patient’s genotype, the metabolism of tacrolimus is also determined by the genotype of the transplanted liver.<br/>LIVER is also of the genotype HOMOZYGOUS EXPRESSOR: Use 2.5 times the normal initial dose. Adjustment of the dose should then be based on therapeutic drug monitoring.<br/>LIVER has a DIFFERENT genotype: There is insufficient evidence in the literature to support a dose recommendation.</td>\n</tr>\n</tbody>\n</table>\n<p><a rel=\"noopener noreferrer\" href=\"https://www.g-standaard.nl/risicoanalyse/B0002357.PDF\" target=\"_blank\">Read for more information about this recommendation</a>, <a rel=\"noopener noreferrer\" href=\"https://www.knmp.nl/producten/gebruiksrecht-g-standaard/medicatiebewaking-g-standaard/background-information-pharmacogenetics\" target=\"_blank\">Read about gene information from DPWG</a></p>\n<h3 id=\"november-2018-update\">November 2018 Update</h3>\n<p>The Royal Dutch Pharmacists Association - Pharmacogenetics Working Group has evaluated therapeutic dose recommendations for tacrolimus based on CYP3A5 status and includes recommendations for liver transplantations and other transplantations. Genetic variation results in an increased conversion of tacrolimus to inactive metabolites and as a result a higher dose is required. Adjustment of the initial dose results in an increased chance of reaching a tacrolimus concentration within the target range before the start of therapeutic drug monitoring on day three. However, there is no direct evidence that this results in improved clinical results.</p>\n<p><em>Wording in table taken from the <a href=\"https://api.pharmgkb.org/v1/download/file/attachment/DPWG_November_2018.pdf\">Dutch guidelines November 2018 update</a>.</em></p>\n<table class=\"table\">\n<thead>\n<tr>\n<th>Allele/Genotype/Phenotype</th>\n<th>Drug</th>\n<th>Recommendation Indications OTHER than liver transplantation</th>\n<th>Recommendation LIVER transplantation</th>\n</tr>\n</thead>\n<tbody>\n<tr>\n<td>CYP3A5 heterozygote expressor</td>\n<td>tacrolimus</td>\n<td>Start with 1.75 times of the standard initial dose that would yield the desired result in non-expressors. Adjustment of the dose should then be based on therapeutic drug monitoring.</td>\n<td>In addition to the patient’s genotype, the metabolism of tacrolimus is also determined by the genotype of the transplanted liver.<br/>LIVER is also of the genotype HETEROZYGOUS EXPRESSOR: Start with 1.75 times the standard initial dose Adjustment of the dose should then be based on therapeutic drug monitoring.<br/>If LIVER has a DIFFERENT genotype: There is insufficient evidence in the literature to support a dose recommendation.</td>\n</tr>\n<tr>\n<td>CYP3A5 homozygous expressor</td>\n<td>tacrolimus</td>\n<td>Start with 2.5 times the standard initial dose that would yield the desired result in non-expressors Adjustment of the dose should then be based on therapeutic drug monitoring.</td>\n<td>In addition to the patient’s genotype, the metabolism of tacrolimus is also determined by the genotype of the transplanted liver.<br/>LIVER is also of the genotype HOMOZYGOUS EXPRESSOR: Start with 2.5 times the standard initial dose Adjustment of the dose should then be based on therapeutic drug monitoring.<br/>LIVER has a DIFFERENT genotype: There is insufficient evidence in the literature to support a dose recommendation.</td>\n</tr>\n</tbody>\n</table>\n<p><a rel=\"noopener noreferrer\" href=\"https://www.g-standaard.nl/risicoanalyse/B0002357.PDF\" target=\"_blank\">Read for more information about this recommendation</a>, <a rel=\"noopener noreferrer\" href=\"https://www.knmp.nl/producten/gebruiksrecht-g-standaard/medicatiebewaking-g-standaard/background-information-pharmacogenetics\" target=\"_blank\">Read about gene information from DPWG</a></p>\n<h3 id=\"2011-guideline\">2011 Guideline</h3>\n<p>The Royal Dutch Pharmacists Association - Pharmacogenetics Working Group has evaluated therapeutic dose recommendations for tacrolimus based on CYP3A5 genotype [Article:<a href=\"/pmid/21412232\">21412232</a>].  They found evidence to support an interaction between tacrolimus and CYP3A5.  However, they make no dosing recommendations at this time, due to fact that &quot;in Dutch transplantation hospitals the tacrolimus dose is titrated in response to therapeutic drug monitoring.&quot;</p>\n<table class=\"table\">\n<thead>\n<tr>\n<th>Genotype</th>\n<th>Therapeutic Dose Recommendation</th>\n<th>Level of Evidence</th>\n<th>Clinical Relevance</th>\n</tr>\n</thead>\n<tbody>\n<tr>\n<td>CYP3A5 *1/*1</td>\n<td>None</td>\n<td>Published controlled studies of good quality* relating to phenotyped and/or genotyped patients or healthy volunteers, and having relevant pharmacokinetic or clinical endpoints.</td>\n<td>Clinical effect (S): short-lived discomfort (&lt; 48 hr) without permanent injury: e.g. reduced decrease in resting heart rate; reduction in exercise tachycardia; decreased pain relief from oxycodone; ADE resulting from increased bioavailability of atomoxetine (decreased appetite, insomnia, sleep disturbance etc); neutropenia &gt; 1.5x109/l; leucopenia &gt; 3.0x109/l; thrombocytopenia  &gt; 75x109/l; moderate diarrhea not affecting daily activities; reduced glucose increase following oral glucose tolerance test.</td>\n</tr>\n<tr>\n<td>CYP3A5 *1/*3</td>\n<td>None</td>\n<td>Published controlled studies of good quality* relating to phenotyped and/or genotyped patients or healthy volunteers, and having relevant pharmacokinetic or clinical endpoints.</td>\n<td>Clinical effect (S): long-standing discomfort (&gt; 168 hr), permanent symptom or invalidating injury e.g. failure of prophylaxis of atrial fibrillation; venous thromboembolism; decreased effect of clopidogrel on inhibition of platelet aggregation; ADE resulting from increased bioavailability of phenytoin; INR &gt; 6.0; neutropenia 0.5-1.0x109/l; leucopenia 1.0-2.0x109/l; thrombocytopenia 25-50x109/l; severe diarrhea.</td>\n</tr>\n</tbody>\n</table>\n<ul>\n<li>*See <a href=\"http://www.pharmgkb.org/page/dpwg\">Methods </a> or [Article:<a href=\"/pmid/18253145\">18253145</a>] for definition of &quot;good quality.&quot;</li>\n<li>S: statistically significant difference.</li>\n</ul>\n",
      "version" : 14
    },
    "userId" : "mariealus",
    "version" : 23
  }
}