{
  "citations" : [ {
    "@id" : "https://pharmgkb.org/literature/7283333",
    "@context" : "https://api.pharmgkb.org/jsonld/literature.jsonld",
    "id" : 7283333,
    "resourceId" : "21412232",
    "title" : "Pharmacogenetics: from bench to byte--an update of guidelines.",
    "_sameAs" : "https://www.ncbi.nlm.nih.gov/pubmed/21412232",
    "authors" : [ "Swen J J", "Nijenhuis M", "de Boer A", "Grandia L", "Maitland-van der Zee A H", "Mulder H", "Rongen G A P J M", "van Schaik R H N", "Schalekamp T", "Touw D J", "van der Weide J", "Wilffert B", "Deneer V H M", "Guchelaar H-J" ],
    "crossReferences" : [ {
      "@id" : "https://pharmgkb.org/crossReference/pubMed/21412232",
      "@context" : "https://api.pharmgkb.org/jsonld/crossReference.jsonld",
      "id" : 769250885,
      "resource" : "PubMed",
      "resourceId" : "21412232",
      "_url" : "https://www.ncbi.nlm.nih.gov/pubmed/21412232",
      "version" : 0
    }, {
      "@id" : "https://pharmgkb.org/crossReference/doi/10.1038/clpt.2011.34",
      "@context" : "https://api.pharmgkb.org/jsonld/crossReference.jsonld",
      "id" : 1449247827,
      "resource" : "DOI",
      "resourceId" : "10.1038/clpt.2011.34",
      "_url" : "http://dx.doi.org/10.1038%2Fclpt.2011.34",
      "version" : 0
    } ],
    "hasKeyword" : true,
    "journal" : "Clinical pharmacology and therapeutics",
    "meshDiseases" : [ ],
    "meshTerms" : [ "Animals", "Aryl Hydrocarbon Hydroxylases", "Cytochrome P-450 CYP2C9", "Drug Administration Schedule", "Drug-Related Side Effects and Adverse Reactions", "Humans", "Pharmaceutical Preparations", "Pharmacogenetics", "Practice Guidelines as Topic" ],
    "month" : 5,
    "nonHuman" : false,
    "objCls" : "Literature",
    "page" : "662-73",
    "pediatric" : false,
    "pgkbPublication" : false,
    "pubDate" : "2011-05-01T00:00:00-07:00",
    "summary" : "Currently, there are very few guidelines linking the results of pharmacogenetic tests to specific therapeutic recommendations. Therefore, the Royal Dutch Association for the Advancement of Pharmacy established the Pharmacogenetics Working Group with the objective of developing pharmacogenetics-based therapeutic (dose) recommendations. After systematic review of the literature, recommendations were developed for 53 drugs associated with genes coding for CYP2D6, CYP2C19, CYP2C9, thiopurine-S-methyltransferase (TPMT), dihydropyrimidine dehydrogenase (DPD), vitamin K epoxide reductase (VKORC1), uridine diphosphate glucuronosyltransferase 1A1 (UGT1A1), HLA-B44, HLA-B*5701, CYP3A5, and factor V Leiden (FVL).",
    "type" : "Article",
    "version" : 2,
    "volume" : "89",
    "year" : 2011
  } ],
  "guideline" : {
    "@id" : "https://pharmgkb.org/guidelineAnnotation/PA166104952",
    "@context" : "https://api.pharmgkb.org/jsonld/guidelineAnnotation.jsonld",
    "objCls" : "Guideline Annotation",
    "id" : "PA166104952",
    "name" : "Annotation of DPWG Guideline for mercaptopurine and TPMT",
    "cancerGenome" : false,
    "crossReferences" : [ ],
    "descriptiveVideoId" : "",
    "guidelineGenes" : [ ],
    "history" : [ {
      "id" : 1183704495,
      "date" : "2011-08-10T00:00:00-07:00",
      "type" : "Create",
      "version" : 0
    }, {
      "id" : 1450414872,
      "date" : "2019-05-22T16:30:48.610-07:00",
      "description" : "Annotation current with November 2018 DPWG Guideline release",
      "type" : "Update",
      "version" : 0
    }, {
      "id" : 1450820693,
      "date" : "2019-10-03T21:35:54.664-07:00",
      "description" : "Changes based on August 2019 guidelines",
      "type" : "Update",
      "version" : 0
    }, {
      "id" : 1450956370,
      "date" : "2020-01-31T13:37:54.039-08:00",
      "description" : "Updated link to 2011 DPWG methods",
      "type" : "Update",
      "version" : 0
    }, {
      "id" : 1450963586,
      "date" : "2020-02-11T06:34:23.010-08:00",
      "description" : "Fixed links to 2019 guideline pdfs. Corrected drug in table to mercaptopurine",
      "type" : "Update",
      "version" : 0
    }, {
      "id" : 1451153160,
      "date" : "2020-06-01T14:00:45.008-07:00",
      "description" : "Changes based on May 2020 guidelines",
      "type" : "Update",
      "version" : 0
    } ],
    "literature" : [ {"@id":"https://pharmgkb.org/literature/7283333","@context":"https://api.pharmgkb.org/jsonld/literature.jsonld","id":7283333,"resourceId":"21412232","title":"Pharmacogenetics: from bench to byte--an update of guidelines.","_sameAs":"https://www.ncbi.nlm.nih.gov/pubmed/21412232","crossReferences":[{"@id":"https://pharmgkb.org/crossReference/pubMed/21412232","@context":"https://api.pharmgkb.org/jsonld/crossReference.jsonld","id":769250885,"resource":"PubMed","resourceId":"21412232","_url":"https://www.ncbi.nlm.nih.gov/pubmed/21412232"},{"@id":"https://pharmgkb.org/crossReference/doi/10.1038/clpt.2011.34","@context":"https://api.pharmgkb.org/jsonld/crossReference.jsonld","id":1449247827,"resource":"DOI","resourceId":"10.1038/clpt.2011.34","_url":"http://dx.doi.org/10.1038%2Fclpt.2011.34"}],"objCls":"Literature","type":"Article"}, {"@id":"https://pharmgkb.org/literature/15103288","@context":"https://api.pharmgkb.org/jsonld/literature.jsonld","id":15103288,"resourceId":"https://www.knmp.nl/downloads/pharmacogenetic-recommendations-august-2019.pdf","title":"Dutch Pharmacogenetics Working Group Guidelines August 2019","_sameAs":"https://www.knmp.nl/downloads/pharmacogenetic-recommendations-august-2019.pdf","crossReferences":[{"@id":"https://pharmgkb.org/crossReference/url/https://www.knmp.nl/downloads/pharmacogenetic-recommendations-august-2019.pdf","@context":"https://api.pharmgkb.org/jsonld/crossReference.jsonld","id":1450815695,"resource":"URL","resourceId":"https://www.knmp.nl/downloads/pharmacogenetic-recommendations-august-2019.pdf","_url":"https://www.knmp.nl/downloads/pharmacogenetic-recommendations-august-2019.pdf"}],"objCls":"Literature","type":"Web Page"}, {"@id":"https://pharmgkb.org/literature/15111722","@context":"https://api.pharmgkb.org/jsonld/literature.jsonld","id":15111722,"resourceId":"https://www.knmp.nl/downloads/pharmacogenetic-recommendations-may-2020.pdf","title":"Dutch Pharmacogenetics Working Group Guidelines May 2020","_sameAs":"https://www.knmp.nl/downloads/pharmacogenetic-recommendations-may-2020.pdf","crossReferences":[{"@id":"https://pharmgkb.org/crossReference/url/https://www.knmp.nl/downloads/pharmacogenetic-recommendations-may-2020.pdf","@context":"https://api.pharmgkb.org/jsonld/crossReference.jsonld","id":1451152900,"resource":"URL","resourceId":"https://www.knmp.nl/downloads/pharmacogenetic-recommendations-may-2020.pdf","_url":"https://www.knmp.nl/downloads/pharmacogenetic-recommendations-may-2020.pdf"}],"objCls":"Literature","type":"Web Page"}, {"@id":"https://pharmgkb.org/literature/15102465","@context":"https://api.pharmgkb.org/jsonld/literature.jsonld","id":15102465,"resourceId":"https://www.knmp.nl/downloads/pharmacogenetic-recommendations-november-2018.pdf","title":"Dutch Pharmacogenetics Working Group Guidelines November 2018","_sameAs":"https://www.knmp.nl/downloads/pharmacogenetic-recommendations-november-2018.pdf","crossReferences":[{"@id":"https://pharmgkb.org/crossReference/url/https://www.knmp.nl/downloads/pharmacogenetic-recommendations-november-2018.pdf","@context":"https://api.pharmgkb.org/jsonld/crossReference.jsonld","id":1450415575,"resource":"URL","resourceId":"https://www.knmp.nl/downloads/pharmacogenetic-recommendations-november-2018.pdf","_url":"https://www.knmp.nl/downloads/pharmacogenetic-recommendations-november-2018.pdf"}],"objCls":"Literature","type":"Web Page"} ],
    "pediatric" : false,
    "recommendation" : true,
    "relatedAlleles" : [ ],
    "relatedChemicals" : [ {
      "@id" : "https://pharmgkb.org/chemical/PA450379",
      "@context" : "https://api.pharmgkb.org/jsonld/chemical.jsonld",
      "objCls" : "Chemical",
      "id" : "PA450379",
      "name" : "mercaptopurine",
      "version" : 29
    } ],
    "relatedGenes" : [ {
      "@id" : "https://pharmgkb.org/gene/PA356",
      "@context" : "https://api.pharmgkb.org/jsonld/gene.jsonld",
      "objCls" : "Gene",
      "id" : "PA356",
      "symbol" : "TPMT",
      "name" : "thiopurine S-methyltransferase",
      "version" : 7543
    } ],
    "source" : "Dutch Pharmacogenetics Working Group",
    "summaryMarkdown" : {
      "id" : 1447981856,
      "html" : "<p>Select an alternative drug or reduce the initial dose of mercaptopurine for patients that are TPMT poor metabolizers and reduce initial dose for patients that are TPMT intermediate metabolizers.</p>\n",
      "version" : 1
    },
    "summaryVideoId" : "",
    "terms" : [ ],
    "textMarkdown" : {
      "id" : 1447981855,
      "html" : "<h3 id=\"may-2020-update\">May 2020 Update</h3>\n<p>The Royal Dutch Pharmacists Association - Pharmacogenetics Working Group has evaluated therapeutic dose recommendations for azathioprine based on TPMT genotype.  They recommend reducing the initial dose for patients that are intermediate metabolizers and selecting an alternative drug or reducing the initial dose for patients that are poor metabolizers. They removed the sentence &quot;The frequency of monitoring should be increased.&quot; from the previous recommendation.</p>\n<p><em>Wording in table taken from the <a href=\"https://api.pharmgkb.org/v1/download/file/attachment/DPWG_May_2020.pdf\">Dutch guidelines May 2020 update</a>.</em></p>\n<table class=\"table\">\n<thead>\n<tr>\n<th>Allele/Genotype/Phenotype</th>\n<th>Drug</th>\n<th>Description</th>\n<th>Recommendation</th>\n</tr>\n</thead>\n<tbody>\n<tr>\n<td>TPMT IM</td>\n<td>mercaptopurine</td>\n<td>Grade ≥ 2 leukopaenia occurs in 23% of these patients with normal therapy for immunosuppression. The genetic variation increases the quantity of the active metabolites of azathioprine and mercaptopurine.</td>\n<td>-IMMUNOSUPPRESSION<br/>Start with 50% of the standard dose. Adjustment of the initial dose should be guided by toxicity (monitoring of blood counts) and effectiveness. Dose adjustment is not required for doses lower than 1.5 mg/kg per day for azathioprine or 0.75 mg/kg per day for mercaptopurine.<br/>-LEUKAEMIA:<br/>start with 50% of the standard mercaptopurine dose, or start with the standard dose and reduce to 50% if side effects necessitate a dose reduction<br/>It is not known whether dose reduction in advance results in the same efficacy as dose reduction based on toxicity. The initial dose should be adjusted based on toxicity (monitoring of the blood counts) and efficacy.<br/>Note: more stringent dose reductions are necessary if the patient is also NUDT15 IM or NUDT15 PM.</td>\n</tr>\n<tr>\n<td>TPMT PM</td>\n<td>mercaptopurine</td>\n<td>Grade ≥ 2 leukopaenia and intolerance occurred in 98% of these patients with standard therapy. The gene variation increases the quantities of the active metabolites of azathioprine and mercaptopurine.</td>\n<td>Choose an alternative or start with 10% of the standard dose.<br/>Any adjustment of the initial dose should be guided by toxicity (monitoring of blood counts) and effectiveness.<br/>If the dose is decreased: advise patients to seek medical attention when symptoms of myelosuppression (such as severe sore throat in combination with fever, regular nosebleeds and tendency to bruising) occur</td>\n</tr>\n</tbody>\n</table>\n<p><a rel=\"noopener noreferrer\" href=\"https://www.g-standaard.nl/risicoanalyse/B0001905.PDF\" target=\"_blank\">Read for more information about this recommendation</a>, <a rel=\"noopener noreferrer\" href=\"https://www.knmp.nl/producten/gebruiksrecht-g-standaard/medicatiebewaking-g-standaard/background-information-pharmacogenetics\" target=\"_blank\">Read about gene information from DPWG</a></p>\n<h3 id=\"august-2019-update\">August 2019 Update</h3>\n<p>The Royal Dutch Pharmacists Association - Pharmacogenetics Working Group has evaluated therapeutic dose recommendations for azathioprine based on TPMT genotype.  They recommend reducing the initial dose for patients that are intermediate metabolizers and selecting an alternative drug or reducing the initial dose for patients that are poor metabolizers.</p>\n<p><em>Wording in table taken from the <a href=\"https://api.pharmgkb.org/v1/download/file/attachment/DPWG_August_2019.pdf\">Dutch guidelines August 2019 update</a>.</em></p>\n<table class=\"table\">\n<thead>\n<tr>\n<th>Allele/Genotype/Phenotype</th>\n<th>Drug</th>\n<th>Description</th>\n<th>Recommendation</th>\n</tr>\n</thead>\n<tbody>\n<tr>\n<td>TPMT IM</td>\n<td>mercaptopurine</td>\n<td>The genetic variation reduces the conversion of azathioprine and mercaptopurine to mainly inactive metabolites. This increases the risk of serious, life-threatening adverse events such as myelosuppression.</td>\n<td>-IMMUNOSUPPRESSION<br/>Start with 50% of the standard dose<br/>Adjustment of the initial dose should be guided by toxicity (monitoring of blood counts) and effectiveness.<br/>The frequency of monitoring should be increased.<br/>Dose adjustment is not required for doses lower than 1.5 mg/kg per day for azathioprine or 0.75 mg/kg per day for mercaptopurine.<br/>-LEUKAEMIA:<br/>start with 50% of the standard mercaptopurine dose, or start with the standard dose and reduce to 50% if side effects necessitate a dose reduction<br/>It is not known whether dose reduction in advance results in the same efficacy as dose reduction based on toxicity. The initial dose should be adjusted based on toxicity (monitoring of the blood counts) and efficacy.<br/>Monitoring should be performed at an increased frequency.<br/>Note: more stringent dose reductions are necessary if the patient is also NUDT15 IM.</td>\n</tr>\n<tr>\n<td>TPMT PM</td>\n<td>mercaptopurine</td>\n<td>The genetic variation reduces the conversion of azathioprine and mercaptopurine to mainly inactive metabolites. This increases the risk of serious, life-threatening adverse events such as myelosuppression.</td>\n<td>1. Choose an alternative or start with 10% of the standard dose.<br/>Any adjustment of the initial dose should be guided by toxicity (monitoring of blood counts) and effectiveness. The frequency of monitoring should be increased.<br/>2. If the dose is decreased: advise patients to seek medical attention when symptoms of myelosuppression (such as severe sore throat in combination with fever, regular nosebleeds and tendency to bruising) occur</td>\n</tr>\n</tbody>\n</table>\n<p><a rel=\"noopener noreferrer\" href=\"https://www.g-standaard.nl/risicoanalyse/B0001905.PDF\" target=\"_blank\">Read for more information about this recommendation</a>, <a rel=\"noopener noreferrer\" href=\"https://www.knmp.nl/producten/gebruiksrecht-g-standaard/medicatiebewaking-g-standaard/background-information-pharmacogenetics\" target=\"_blank\">Read about gene information from DPWG</a></p>\n<h3 id=\"november-2018-update\">November 2018 Update</h3>\n<p>The Royal Dutch Pharmacists Association - Pharmacogenetics Working Group has evaluated therapeutic dose recommendations for mercaptopurine based on TPMT genotype.  They recommend reducing the initial dose for patients that are intermediate metabolizers and selecting an alternative drug or reducing the initial dose for patients that are poor metabolizers.</p>\n<p><em>Wording in table taken from the <a href=\"https://api.pharmgkb.org/v1/download/file/attachment/DPWG_November_2018.pdf\">Dutch guidelines November 2018 update</a>.</em></p>\n<table class=\"table\">\n<thead>\n<tr>\n<th>Allele/Genotype/Phenotype</th>\n<th>Drug</th>\n<th>Description</th>\n<th>Recommendation</th>\n</tr>\n</thead>\n<tbody>\n<tr>\n<td>TPMT IM</td>\n<td>mercaptopurine</td>\n<td>The genetic variation reduces the conversion of azathioprine and mercaptopurine to mainly inactive metabolites. This increases the risk of serious, life-threatening adverse events such as myelosuppression.</td>\n<td>Start with 50% of the standard dose. Adjustment of the initial dose should be guided by toxicity (monitoring of blood counts) and effectiveness. The frequency of monitoring should be increased. Dose adjustment is not required for doses lower than 1.5 mg/kg per day for azathioprine or 0.75 mg/kg per day for mercaptopurine.</td>\n</tr>\n<tr>\n<td>TPMT PM</td>\n<td>mercaptopurine</td>\n<td>The genetic variation reduces the conversion of azathioprine and mercaptopurine to mainly inactive metabolites. This increases the risk of serious, life-threatening adverse events such as myelosuppression.</td>\n<td>1. Choose an alternative or start with 10% of the standard dose.Any adjustment of the initial dose should be guided by toxicity (monitoring of blood counts) and effectiveness. The frequency of monitoring should be increased. 2. If the dose is decreased: advise patients to seek medical attention when symptoms of myelosuppression (such as severe sore throat in combination with fever, regular nosebleeds and tendency to bruising) occur.</td>\n</tr>\n</tbody>\n</table>\n<p><a rel=\"noopener noreferrer\" href=\"https://www.g-standaard.nl/risicoanalyse/B0001906.PDF\" target=\"_blank\">Read for more information about this recommendation</a>, <a rel=\"noopener noreferrer\" href=\"https://www.knmp.nl/producten/gebruiksrecht-g-standaard/medicatiebewaking-g-standaard/background-information-pharmacogenetics\" target=\"_blank\">Read about gene information from DPWG</a></p>\n<h3 id=\"2011-guideline\">2011 Guideline</h3>\n<p>The Royal Dutch Pharmacists Association - Pharmacogenetics Working Group has evaluated therapeutic dose recommendations for mercaptopurine based on TPMT genotype [Article:<a href=\"/pmid/21412232\">21412232</a>].  They recommend selecting an alternative drug or reducing the initial dose for patients carrying inactive alleles.</p>\n<table class=\"table\">\n<thead>\n<tr>\n<th>Phenotype (Genotype)</th>\n<th>Therapeutic Dose Recommendation</th>\n<th>Level of Evidence</th>\n<th>Clinical Relevance</th>\n</tr>\n</thead>\n<tbody>\n<tr>\n<td>IM (one inactive allele: *2, *3, *4-*18)</td>\n<td>Select alternative drug or reduce dose by 50%. Increase dose in response of hematologic monitoring and efficacy.</td>\n<td>Published controlled studies of good quality* relating to phenotyped and/or genotyped patients or healthy volunteers, and having relevant pharmacokinetic or clinical endpoints.</td>\n<td>Clinical effect (S): Failure of lifesaving therapy e.g. anticipated myelosuppression; prevention of breast cancer relapse; arrhythmia; neutropenia &lt; 0.5x10<sup>9</sup>/l; leucopenia &lt; 1.0x10<sup>9</sup>/l; thrombocytopenia &lt; 25x10<sup>9</sup>/l; life-threatening complications from diarrhea.</td>\n</tr>\n<tr>\n<td>PM (two inactive alleles: *2, *3, *4-*18)</td>\n<td>Select alternative drug or reduce dose by 90%. Increase dose in response of hematologic monitoring and efficacy.</td>\n<td>Published controlled studies of good quality* relating to phenotyped and/or genotyped patients or healthy volunteers, and having relevant pharmacokinetic or clinical endpoints.</td>\n<td>Clinical effect (S): death; arrhythmia; unanticipated myelosuppression.</td>\n</tr>\n</tbody>\n</table>\n<ul>\n<li>*See <a href=\"http://www.pharmgkb.org/page/dpwg\">Methods </a> or [Article:<a href=\"/pmid/18253145\">18253145</a>] for definition of &quot;good quality.&quot;</li>\n<li>S: statistically significant difference.</li>\n</ul>\n",
      "version" : 13
    },
    "userId" : "alie",
    "version" : 20
  }
}