{
  "guideline" : {
    "@id" : "https://pharmgkb.org/guidelineAnnotation/PA166222801",
    "@context" : "https://api.pharmgkb.org/jsonld/guidelineAnnotation.jsonld",
    "objCls" : "Guideline Annotation",
    "id" : "PA166222801",
    "name" : "Annotation of DPWG Guideline for flucytosine and DPYD",
    "cancerGenome" : false,
    "crossReferences" : [ ],
    "guidelineGenes" : [ ],
    "history" : [ {
      "id" : 1451257822,
      "date" : "2020-08-31T00:00:00-07:00",
      "type" : "Create",
      "version" : 0
    } ],
    "literature" : [ {"@id":"https://pharmgkb.org/literature/15113882","@context":"https://api.pharmgkb.org/jsonld/literature.jsonld","id":15113882,"resourceId":"https://www.knmp.nl/downloads/pharmacogenetic-recommendations-august-2020.pdf","title":"Dutch Pharmacogenetics Working Group Guidelines August 2020","_sameAs":"https://www.knmp.nl/downloads/pharmacogenetic-recommendations-august-2020.pdf","crossReferences":[{"@id":"https://pharmgkb.org/crossReference/url/https://www.knmp.nl/downloads/pharmacogenetic-recommendations-august-2020.pdf","@context":"https://api.pharmgkb.org/jsonld/crossReference.jsonld","id":1451257580,"resource":"URL","resourceId":"https://www.knmp.nl/downloads/pharmacogenetic-recommendations-august-2020.pdf","_url":"https://www.knmp.nl/downloads/pharmacogenetic-recommendations-august-2020.pdf"}],"objCls":"Literature","type":"Web Page"} ],
    "pediatric" : false,
    "recommendation" : true,
    "relatedAlleles" : [ ],
    "relatedChemicals" : [ {
      "@id" : "https://pharmgkb.org/chemical/PA449654",
      "@context" : "https://api.pharmgkb.org/jsonld/chemical.jsonld",
      "objCls" : "Chemical",
      "id" : "PA449654",
      "name" : "flucytosine",
      "version" : 5
    } ],
    "relatedGenes" : [ {
      "@id" : "https://pharmgkb.org/gene/PA145",
      "@context" : "https://api.pharmgkb.org/jsonld/gene.jsonld",
      "objCls" : "Gene",
      "id" : "PA145",
      "symbol" : "DPYD",
      "name" : "dihydropyrimidine dehydrogenase",
      "version" : 6907
    } ],
    "source" : "Dutch Pharmacogenetics Working Group",
    "summaryMarkdown" : {
      "id" : 1451257820,
      "html" : "<p>The Dutch Pharmacogenetics Working Group Guideline for flucytosine states that patients with a DPYD activity score of 0 should avoid flucytosine. Patients with a DPYD activity score of 1 or 1.5 should be alert to the occurrence of severe side effects and flucytosine should be stopped if severe side effects occur.</p>\n",
      "version" : 0
    },
    "terms" : [ ],
    "textMarkdown" : {
      "id" : 1451257821,
      "html" : "<h3 id=\"august-2020\">August 2020</h3>\n<p>The Royal Dutch Pharmacists Association - Pharmacogenetics Working Group has evaluated therapeutic dose recommendations for flucytosine based on DPYD activity score.</p>\n<p><em>Wording in table taken from <a download=\"DPWG_August_2020.pdf\" href=\"https://api.pharmgkb.org/v1/download/file/attachment/DPWG_August_2020.pdf\">Dutch guidelines August 2020 update</a></em></p>\n<table class=\"table\">\n<thead>\n<tr>\n<th>Allele/Genotype/Phenotype</th>\n<th>Drug</th>\n<th>Description</th>\n<th>Recommendation</th>\n</tr>\n</thead>\n<tbody>\n<tr>\n<td>DPD AS 0</td>\n<td>flucytosine</td>\n<td>A risk of life-threatening toxicity is increased by gene variation. A small proportion of flucytosine is converted to fluorouracil and patients with this gene variation are intolerant even to small quantities of fluorouracil.</td>\n<td>Avoid flucytosine</td>\n</tr>\n<tr>\n<td>DPD AS 1</td>\n<td>flucytosine</td>\n<td>A very low risk of severe toxicity is increased by gene variation. A small proportion of flucytosine is converted to fluorouracil. Patients with this gene variation are more likely to react to fluorouracil, but generally tolerate low doses (approximately 50% of the standard fluorouracil dose).</td>\n<td>Be alert to the occurrence of severe side effects, such as leukopaenia, neutropaenia, thrombocytopaenia and diarrhoea. In the majority of cases, side effects of flucytosine occur in the first two to three weeks of the treatment. Flucytosine should be stopped if severe side effects occur.</td>\n</tr>\n<tr>\n<td>DPD AS 1.5</td>\n<td>flucytosine</td>\n<td>A very low risk of severe toxicity is increased by gene variation. A small proportion of flucytosine is converted to fluorouracil. Patients with this gene variation are more likely to have a reaction to fluorouracil, but generally tolerate low doses (50-75% of the standard fluorouracil dose).</td>\n<td>Be alert to the occurrence of severe side effects, such as leukopaenia, neutropaenia, thrombocytopaenia and diarrhoea. In the majority of cases, side effects of flucytosine occur in the first two to three weeks of the treatment. Flucytosine should be stopped if severe side effects occur.</td>\n</tr>\n<tr>\n<td>DPD FENO</td>\n<td>flucytosine</td>\n<td>A very low risk of severe toxicity is increased by gene variation. A small proportion of flucytosine is converted to fluorouracil. Patients with this gene variation are more likely to have a reaction to fluorouracil, but generally tolerate low doses (15-50% of the standard fluorouracil dose).</td>\n<td>Be alert to the occurrence of severe side effects, such as leukopaenia, neutropaenia, thrombocytopaenia and diarrhoea. In the majority of cases, side effects of flucytosine occur in the first two to three weeks of the treatment. Flucytosine should be stopped if severe side effects occur.</td>\n</tr>\n</tbody>\n</table>\n<p><a rel=\"noopener noreferrer\" href=\"https://www.g-standaard.nl/risicoanalyse/B0007209.PDF\" target=\"_blank\">Read for more information about this recommendation</a>, <a rel=\"noopener noreferrer\" href=\"https://www.knmp.nl/producten/gebruiksrecht-g-standaard/medicatiebewaking-g-standaard/background-information-pharmacogenetics\" target=\"_blank\">Read about gene information from DPWG</a></p>\n",
      "version" : 0
    },
    "userId" : "katrin",
    "version" : 0
  }
}