{
  "citations" : [ {
    "@id" : "https://pharmgkb.org/literature/15077441",
    "@context" : "https://api.pharmgkb.org/jsonld/literature.jsonld",
    "id" : 15077441,
    "resourceId" : "24918167",
    "title" : "The clinical pharmacogenetics implementation consortium guideline for SLCO1B1 and simvastatin-induced myopathy: 2014 update.",
    "_sameAs" : "https://www.ncbi.nlm.nih.gov/pmc/articles/PMC4169720",
    "authors" : [ "Ramsey L B", "Johnson S G", "Caudle K E", "Haidar C E", "Voora D", "Wilke R A", "Maxwell W D", "McLeod H L", "Krauss R M", "Roden D M", "Feng Q", "Cooper-DeHoff R M", "Gong L", "Klein T E", "Wadelius M", "Niemi M" ],
    "crossReferences" : [ {
      "@id" : "https://pharmgkb.org/crossReference/pmc/PMC4169720",
      "@context" : "https://api.pharmgkb.org/jsonld/crossReference.jsonld",
      "id" : 1449281448,
      "resource" : "PubMed Central",
      "resourceId" : "PMC4169720",
      "_url" : "https://www.ncbi.nlm.nih.gov/pmc/articles/PMC4169720",
      "version" : 0
    }, {
      "@id" : "https://pharmgkb.org/crossReference/pubMed/24918167",
      "@context" : "https://api.pharmgkb.org/jsonld/crossReference.jsonld",
      "id" : 1449281447,
      "resource" : "PubMed",
      "resourceId" : "24918167",
      "_url" : "https://www.ncbi.nlm.nih.gov/pubmed/24918167",
      "version" : 0
    }, {
      "@id" : "https://pharmgkb.org/crossReference/doi/10.1038/clpt.2014.125",
      "@context" : "https://api.pharmgkb.org/jsonld/crossReference.jsonld",
      "id" : 1449281449,
      "resource" : "DOI",
      "resourceId" : "10.1038/clpt.2014.125",
      "_url" : "http://dx.doi.org/10.1038%2Fclpt.2014.125",
      "version" : 0
    } ],
    "hasKeyword" : true,
    "journal" : "Clinical pharmacology and therapeutics",
    "meshDiseases" : [ "PA165108622", "PA444997" ],
    "meshTerms" : [ "Drug Interactions", "Genotype", "Humans", "Hydroxymethylglutaryl-CoA Reductase Inhibitors", "Muscular Diseases", "Organic Anion Transporters", "Pharmacogenetics", "Polymorphism, Genetic", "Simvastatin", "Solute Carrier Organic Anion Transporter Family Member 1b1" ],
    "month" : 10,
    "nonHuman" : false,
    "objCls" : "Literature",
    "page" : "423-8",
    "pediatric" : false,
    "pgkbPublication" : true,
    "pubDate" : "2014-10-01T00:00:00-07:00",
    "summary" : "Simvastatin is among the most commonly used prescription medications for cholesterol reduction. A single coding single-nucleotide polymorphism, rs4149056T>C, in SLCO1B1 increases systemic exposure to simvastatin and the risk of muscle toxicity. We summarize evidence from the literature supporting this association and provide therapeutic recommendations for simvastatin based on SLCO1B1 genotype. This article is an update to the 2012 Clinical Pharmacogenetics Implementation Consortium guideline for SLCO1B1 and simvastatin-induced myopathy.",
    "type" : "Article",
    "version" : 5,
    "volume" : "96",
    "year" : 2014
  }, {
    "@id" : "https://pharmgkb.org/literature/15013653",
    "@context" : "https://api.pharmgkb.org/jsonld/literature.jsonld",
    "id" : 15013653,
    "resourceId" : "22617227",
    "title" : "The clinical pharmacogenomics implementation consortium: CPIC guideline for SLCO1B1 and simvastatin-induced myopathy.",
    "_sameAs" : "https://www.ncbi.nlm.nih.gov/pmc/articles/PMC3384438",
    "authors" : [ "Wilke R A", "Ramsey L B", "Johnson S G", "Maxwell W D", "McLeod H L", "Voora D", "Krauss R M", "Roden D M", "Feng Q", "Cooper-Dehoff R M", "Gong L", "Klein T E", "Wadelius M", "Niemi M", "Clinical Pharmacogenomics Implementation Consortium (CPIC)" ],
    "crossReferences" : [ {
      "@id" : "https://pharmgkb.org/crossReference/pmc/PMC3384438",
      "@context" : "https://api.pharmgkb.org/jsonld/crossReference.jsonld",
      "id" : 1449267851,
      "resource" : "PubMed Central",
      "resourceId" : "PMC3384438",
      "_url" : "https://www.ncbi.nlm.nih.gov/pmc/articles/PMC3384438",
      "version" : 0
    }, {
      "@id" : "https://pharmgkb.org/crossReference/pubMed/22617227",
      "@context" : "https://api.pharmgkb.org/jsonld/crossReference.jsonld",
      "id" : 978636635,
      "resource" : "PubMed",
      "resourceId" : "22617227",
      "_url" : "https://www.ncbi.nlm.nih.gov/pubmed/22617227",
      "version" : 0
    }, {
      "@id" : "https://pharmgkb.org/crossReference/doi/10.1038/clpt.2012.57",
      "@context" : "https://api.pharmgkb.org/jsonld/crossReference.jsonld",
      "id" : 1449267852,
      "resource" : "DOI",
      "resourceId" : "10.1038/clpt.2012.57",
      "_url" : "http://dx.doi.org/10.1038%2Fclpt.2012.57",
      "version" : 0
    } ],
    "hasKeyword" : true,
    "journal" : "Clinical pharmacology and therapeutics",
    "meshDiseases" : [ "PA444997" ],
    "meshTerms" : [ "Drug Prescriptions", "Humans", "Hydroxymethylglutaryl-CoA Reductase Inhibitors", "Muscular Diseases", "Organic Anion Transporters", "Pharmacogenetics", "Polymorphism, Single Nucleotide", "Precision Medicine", "Risk Assessment", "Risk Factors", "Simvastatin", "Solute Carrier Organic Anion Transporter Family Member 1b1" ],
    "month" : 7,
    "nonHuman" : false,
    "objCls" : "Literature",
    "page" : "112-7",
    "pediatric" : false,
    "pgkbPublication" : true,
    "pubDate" : "2012-07-01T00:00:00-07:00",
    "summary" : "Cholesterol reduction from statin therapy has been one of the greatest public health successes in modern medicine. Simvastatin is among the most commonly used prescription medications. A non-synonymous coding single-nucleotide polymorphism (SNP), rs4149056, in SLCO1B1 markedly increases systemic exposure to simvastatin and the risk of muscle toxicity. This guideline explores the relationship between rs4149056 (c.521T>C, p.V174A) and clinical outcome for all statins. The strength of the evidence is high for myopathy with simvastatin. We limit our recommendations accordingly.",
    "type" : "Article",
    "version" : 4,
    "volume" : "92",
    "year" : 2012
  } ],
  "guideline" : {
    "@id" : "https://pharmgkb.org/guidelineAnnotation/PA166105005",
    "@context" : "https://api.pharmgkb.org/jsonld/guidelineAnnotation.jsonld",
    "objCls" : "Guideline Annotation",
    "id" : "PA166105005",
    "name" : "Annotation of CPIC Guideline for simvastatin and SLCO1B1",
    "cancerGenome" : false,
    "crossReferences" : [ {
      "@id" : "https://pharmgkb.org/crossReference/url/https://cpicpgx.org/guidelines/guideline-for-simvastatin-and-slco1b1/",
      "@context" : "https://api.pharmgkb.org/jsonld/crossReference.jsonld",
      "id" : 1447983510,
      "name" : "CPIC® Guideline for Simvastatin and SLCO1B1 – CPIC",
      "resource" : "URL",
      "resourceId" : "https://cpicpgx.org/guidelines/guideline-for-simvastatin-and-slco1b1/",
      "_url" : "https://cpicpgx.org/guidelines/guideline-for-simvastatin-and-slco1b1/",
      "version" : 1
    } ],
    "descriptiveVideoId" : "VHIRIeQ2b08",
    "guidelineGenes" : [ {
      "id" : 1449561225,
      "alleles" : [ {
        "id" : 1449561226,
        "_label" : "*1A",
        "function" : {
          "@id" : "https://pharmgkb.org/ontologyTerm/alleleFunction/haplotypeTags:1445558335",
          "@context" : "https://api.pharmgkb.org/jsonld/ontologyTerm.jsonld",
          "id" : 1445558335,
          "parents" : [ ],
          "resource" : "Allele Function",
          "term" : "Normal function",
          "termId" : "haplotypeTags:1445558335",
          "version" : 1
        },
        "haplotype" : {
          "@id" : "https://pharmgkb.org/haplotype/PA165819250",
          "@context" : "https://api.pharmgkb.org/jsonld/haplotype.jsonld",
          "objCls" : "Haplotype",
          "id" : "PA165819250",
          "symbol" : "SLCO1B1*1A",
          "name" : "*1A",
          "version" : 16
        },
        "version" : 0
      }, {
        "id" : 1449561227,
        "_label" : "*1B",
        "function" : {
          "@id" : "https://pharmgkb.org/ontologyTerm/alleleFunction/haplotypeTags:1445558335",
          "@context" : "https://api.pharmgkb.org/jsonld/ontologyTerm.jsonld",
          "id" : 1445558335,
          "parents" : [ ],
          "resource" : "Allele Function",
          "term" : "Normal function",
          "termId" : "haplotypeTags:1445558335",
          "version" : 1
        },
        "haplotype" : {
          "@id" : "https://pharmgkb.org/haplotype/PA165819251",
          "@context" : "https://api.pharmgkb.org/jsonld/haplotype.jsonld",
          "objCls" : "Haplotype",
          "id" : "PA165819251",
          "symbol" : "SLCO1B1*1B",
          "name" : "*1B",
          "version" : 16
        },
        "version" : 0
      }, {
        "id" : 1449561228,
        "_label" : "*2",
        "function" : {
          "@id" : "https://pharmgkb.org/ontologyTerm/alleleFunction/haplotypeTags:1445918941",
          "@context" : "https://api.pharmgkb.org/jsonld/ontologyTerm.jsonld",
          "id" : 1445918941,
          "parents" : [ ],
          "resource" : "Allele Function",
          "term" : "Possible Decreased function",
          "termId" : "haplotypeTags:1445918941",
          "version" : 0
        },
        "haplotype" : {
          "@id" : "https://pharmgkb.org/haplotype/PA165819252",
          "@context" : "https://api.pharmgkb.org/jsonld/haplotype.jsonld",
          "objCls" : "Haplotype",
          "id" : "PA165819252",
          "symbol" : "SLCO1B1*2",
          "name" : "*2",
          "version" : 15
        },
        "version" : 0
      }, {
        "id" : 1449561229,
        "_label" : "*3",
        "function" : {
          "@id" : "https://pharmgkb.org/ontologyTerm/alleleFunction/haplotypeTags:1445918941",
          "@context" : "https://api.pharmgkb.org/jsonld/ontologyTerm.jsonld",
          "id" : 1445918941,
          "parents" : [ ],
          "resource" : "Allele Function",
          "term" : "Possible Decreased function",
          "termId" : "haplotypeTags:1445918941",
          "version" : 0
        },
        "haplotype" : {
          "@id" : "https://pharmgkb.org/haplotype/PA165819253",
          "@context" : "https://api.pharmgkb.org/jsonld/haplotype.jsonld",
          "objCls" : "Haplotype",
          "id" : "PA165819253",
          "symbol" : "SLCO1B1*3",
          "name" : "*3",
          "version" : 15
        },
        "version" : 0
      }, {
        "id" : 1449561230,
        "_label" : "*4",
        "function" : {
          "@id" : "https://pharmgkb.org/ontologyTerm/alleleFunction/haplotypeTags:1448569185",
          "@context" : "https://api.pharmgkb.org/jsonld/ontologyTerm.jsonld",
          "id" : 1448569185,
          "parents" : [ ],
          "resource" : "Allele Function",
          "term" : "Unknown or Uncertain function",
          "termId" : "haplotypeTags:1448569185",
          "version" : 2
        },
        "haplotype" : {
          "@id" : "https://pharmgkb.org/haplotype/PA165819254",
          "@context" : "https://api.pharmgkb.org/jsonld/haplotype.jsonld",
          "objCls" : "Haplotype",
          "id" : "PA165819254",
          "symbol" : "SLCO1B1*4",
          "name" : "*4",
          "version" : 15
        },
        "version" : 0
      }, {
        "id" : 1449561231,
        "_label" : "*5",
        "function" : {
          "@id" : "https://pharmgkb.org/ontologyTerm/alleleFunction/haplotypeTags:1445558331",
          "@context" : "https://api.pharmgkb.org/jsonld/ontologyTerm.jsonld",
          "id" : 1445558331,
          "parents" : [ ],
          "resource" : "Allele Function",
          "term" : "Decreased function",
          "termId" : "haplotypeTags:1445558331",
          "version" : 1
        },
        "haplotype" : {
          "@id" : "https://pharmgkb.org/haplotype/PA165819255",
          "@context" : "https://api.pharmgkb.org/jsonld/haplotype.jsonld",
          "objCls" : "Haplotype",
          "id" : "PA165819255",
          "symbol" : "SLCO1B1*5",
          "name" : "*5",
          "version" : 16
        },
        "version" : 0
      }, {
        "id" : 1449561232,
        "_label" : "*6",
        "function" : {
          "@id" : "https://pharmgkb.org/ontologyTerm/alleleFunction/haplotypeTags:1445918941",
          "@context" : "https://api.pharmgkb.org/jsonld/ontologyTerm.jsonld",
          "id" : 1445918941,
          "parents" : [ ],
          "resource" : "Allele Function",
          "term" : "Possible Decreased function",
          "termId" : "haplotypeTags:1445918941",
          "version" : 0
        },
        "haplotype" : {
          "@id" : "https://pharmgkb.org/haplotype/PA165819256",
          "@context" : "https://api.pharmgkb.org/jsonld/haplotype.jsonld",
          "objCls" : "Haplotype",
          "id" : "PA165819256",
          "symbol" : "SLCO1B1*6",
          "name" : "*6",
          "version" : 15
        },
        "version" : 0
      }, {
        "id" : 1449561233,
        "_label" : "*7",
        "function" : {
          "@id" : "https://pharmgkb.org/ontologyTerm/alleleFunction/haplotypeTags:1448569185",
          "@context" : "https://api.pharmgkb.org/jsonld/ontologyTerm.jsonld",
          "id" : 1448569185,
          "parents" : [ ],
          "resource" : "Allele Function",
          "term" : "Unknown or Uncertain function",
          "termId" : "haplotypeTags:1448569185",
          "version" : 2
        },
        "haplotype" : {
          "@id" : "https://pharmgkb.org/haplotype/PA165819257",
          "@context" : "https://api.pharmgkb.org/jsonld/haplotype.jsonld",
          "objCls" : "Haplotype",
          "id" : "PA165819257",
          "symbol" : "SLCO1B1*7",
          "name" : "*7",
          "version" : 15
        },
        "version" : 0
      }, {
        "id" : 1449561234,
        "_label" : "*8",
        "function" : {
          "@id" : "https://pharmgkb.org/ontologyTerm/alleleFunction/haplotypeTags:1448569185",
          "@context" : "https://api.pharmgkb.org/jsonld/ontologyTerm.jsonld",
          "id" : 1448569185,
          "parents" : [ ],
          "resource" : "Allele Function",
          "term" : "Unknown or Uncertain function",
          "termId" : "haplotypeTags:1448569185",
          "version" : 2
        },
        "haplotype" : {
          "@id" : "https://pharmgkb.org/haplotype/PA165819258",
          "@context" : "https://api.pharmgkb.org/jsonld/haplotype.jsonld",
          "objCls" : "Haplotype",
          "id" : "PA165819258",
          "symbol" : "SLCO1B1*8",
          "name" : "*8",
          "version" : 15
        },
        "version" : 0
      }, {
        "id" : 1449561235,
        "_label" : "*9",
        "function" : {
          "@id" : "https://pharmgkb.org/ontologyTerm/alleleFunction/haplotypeTags:1445918941",
          "@context" : "https://api.pharmgkb.org/jsonld/ontologyTerm.jsonld",
          "id" : 1445918941,
          "parents" : [ ],
          "resource" : "Allele Function",
          "term" : "Possible Decreased function",
          "termId" : "haplotypeTags:1445918941",
          "version" : 0
        },
        "haplotype" : {
          "@id" : "https://pharmgkb.org/haplotype/PA165819259",
          "@context" : "https://api.pharmgkb.org/jsonld/haplotype.jsonld",
          "objCls" : "Haplotype",
          "id" : "PA165819259",
          "symbol" : "SLCO1B1*9",
          "name" : "*9",
          "version" : 15
        },
        "version" : 0
      }, {
        "id" : 1449561236,
        "_label" : "*10",
        "function" : {
          "@id" : "https://pharmgkb.org/ontologyTerm/alleleFunction/haplotypeTags:1445918941",
          "@context" : "https://api.pharmgkb.org/jsonld/ontologyTerm.jsonld",
          "id" : 1445918941,
          "parents" : [ ],
          "resource" : "Allele Function",
          "term" : "Possible Decreased function",
          "termId" : "haplotypeTags:1445918941",
          "version" : 0
        },
        "haplotype" : {
          "@id" : "https://pharmgkb.org/haplotype/PA165819260",
          "@context" : "https://api.pharmgkb.org/jsonld/haplotype.jsonld",
          "objCls" : "Haplotype",
          "id" : "PA165819260",
          "symbol" : "SLCO1B1*10",
          "name" : "*10",
          "version" : 15
        },
        "version" : 0
      }, {
        "id" : 1449561237,
        "_label" : "*11",
        "function" : {
          "@id" : "https://pharmgkb.org/ontologyTerm/alleleFunction/haplotypeTags:1448569185",
          "@context" : "https://api.pharmgkb.org/jsonld/ontologyTerm.jsonld",
          "id" : 1448569185,
          "parents" : [ ],
          "resource" : "Allele Function",
          "term" : "Unknown or Uncertain function",
          "termId" : "haplotypeTags:1448569185",
          "version" : 2
        },
        "haplotype" : {
          "@id" : "https://pharmgkb.org/haplotype/PA165819261",
          "@context" : "https://api.pharmgkb.org/jsonld/haplotype.jsonld",
          "objCls" : "Haplotype",
          "id" : "PA165819261",
          "symbol" : "SLCO1B1*11",
          "name" : "*11",
          "version" : 15
        },
        "version" : 0
      }, {
        "id" : 1449561238,
        "_label" : "*12",
        "function" : {
          "@id" : "https://pharmgkb.org/ontologyTerm/alleleFunction/haplotypeTags:1448569185",
          "@context" : "https://api.pharmgkb.org/jsonld/ontologyTerm.jsonld",
          "id" : 1448569185,
          "parents" : [ ],
          "resource" : "Allele Function",
          "term" : "Unknown or Uncertain function",
          "termId" : "haplotypeTags:1448569185",
          "version" : 2
        },
        "haplotype" : {
          "@id" : "https://pharmgkb.org/haplotype/PA165819262",
          "@context" : "https://api.pharmgkb.org/jsonld/haplotype.jsonld",
          "objCls" : "Haplotype",
          "id" : "PA165819262",
          "symbol" : "SLCO1B1*12",
          "name" : "*12",
          "version" : 15
        },
        "version" : 0
      }, {
        "id" : 1449561239,
        "_label" : "*13",
        "function" : {
          "@id" : "https://pharmgkb.org/ontologyTerm/alleleFunction/haplotypeTags:1448569185",
          "@context" : "https://api.pharmgkb.org/jsonld/ontologyTerm.jsonld",
          "id" : 1448569185,
          "parents" : [ ],
          "resource" : "Allele Function",
          "term" : "Unknown or Uncertain function",
          "termId" : "haplotypeTags:1448569185",
          "version" : 2
        },
        "haplotype" : {
          "@id" : "https://pharmgkb.org/haplotype/PA165819263",
          "@context" : "https://api.pharmgkb.org/jsonld/haplotype.jsonld",
          "objCls" : "Haplotype",
          "id" : "PA165819263",
          "symbol" : "SLCO1B1*13",
          "name" : "*13",
          "version" : 15
        },
        "version" : 0
      }, {
        "id" : 1449561240,
        "_label" : "*14",
        "function" : {
          "@id" : "https://pharmgkb.org/ontologyTerm/alleleFunction/haplotypeTags:1445918882",
          "@context" : "https://api.pharmgkb.org/jsonld/ontologyTerm.jsonld",
          "id" : 1445918882,
          "parents" : [ ],
          "resource" : "Allele Function",
          "term" : "Possible Increased function",
          "termId" : "haplotypeTags:1445918882",
          "version" : 0
        },
        "haplotype" : {
          "@id" : "https://pharmgkb.org/haplotype/PA165819264",
          "@context" : "https://api.pharmgkb.org/jsonld/haplotype.jsonld",
          "objCls" : "Haplotype",
          "id" : "PA165819264",
          "symbol" : "SLCO1B1*14",
          "name" : "*14",
          "version" : 15
        },
        "version" : 0
      }, {
        "id" : 1449561241,
        "_label" : "*15",
        "function" : {
          "@id" : "https://pharmgkb.org/ontologyTerm/alleleFunction/haplotypeTags:1445558331",
          "@context" : "https://api.pharmgkb.org/jsonld/ontologyTerm.jsonld",
          "id" : 1445558331,
          "parents" : [ ],
          "resource" : "Allele Function",
          "term" : "Decreased function",
          "termId" : "haplotypeTags:1445558331",
          "version" : 1
        },
        "haplotype" : {
          "@id" : "https://pharmgkb.org/haplotype/PA165819265",
          "@context" : "https://api.pharmgkb.org/jsonld/haplotype.jsonld",
          "objCls" : "Haplotype",
          "id" : "PA165819265",
          "symbol" : "SLCO1B1*15",
          "name" : "*15",
          "version" : 16
        },
        "version" : 0
      }, {
        "id" : 1449561242,
        "_label" : "*16",
        "function" : {
          "@id" : "https://pharmgkb.org/ontologyTerm/alleleFunction/haplotypeTags:1448569185",
          "@context" : "https://api.pharmgkb.org/jsonld/ontologyTerm.jsonld",
          "id" : 1448569185,
          "parents" : [ ],
          "resource" : "Allele Function",
          "term" : "Unknown or Uncertain function",
          "termId" : "haplotypeTags:1448569185",
          "version" : 2
        },
        "haplotype" : {
          "@id" : "https://pharmgkb.org/haplotype/PA165949164",
          "@context" : "https://api.pharmgkb.org/jsonld/haplotype.jsonld",
          "objCls" : "Haplotype",
          "id" : "PA165949164",
          "symbol" : "SLCO1B1*16",
          "name" : "*16",
          "version" : 13
        },
        "version" : 0
      }, {
        "id" : 1449561243,
        "_label" : "*17",
        "function" : {
          "@id" : "https://pharmgkb.org/ontologyTerm/alleleFunction/haplotypeTags:1445558331",
          "@context" : "https://api.pharmgkb.org/jsonld/ontologyTerm.jsonld",
          "id" : 1445558331,
          "parents" : [ ],
          "resource" : "Allele Function",
          "term" : "Decreased function",
          "termId" : "haplotypeTags:1445558331",
          "version" : 1
        },
        "haplotype" : {
          "@id" : "https://pharmgkb.org/haplotype/PA165819266",
          "@context" : "https://api.pharmgkb.org/jsonld/haplotype.jsonld",
          "objCls" : "Haplotype",
          "id" : "PA165819266",
          "symbol" : "SLCO1B1*17",
          "name" : "*17",
          "version" : 16
        },
        "version" : 0
      }, {
        "id" : 1449561244,
        "_label" : "*18",
        "function" : {
          "@id" : "https://pharmgkb.org/ontologyTerm/alleleFunction/haplotypeTags:1448569185",
          "@context" : "https://api.pharmgkb.org/jsonld/ontologyTerm.jsonld",
          "id" : 1448569185,
          "parents" : [ ],
          "resource" : "Allele Function",
          "term" : "Unknown or Uncertain function",
          "termId" : "haplotypeTags:1448569185",
          "version" : 2
        },
        "haplotype" : {
          "@id" : "https://pharmgkb.org/haplotype/PA165988674",
          "@context" : "https://api.pharmgkb.org/jsonld/haplotype.jsonld",
          "objCls" : "Haplotype",
          "id" : "PA165988674",
          "symbol" : "SLCO1B1*18",
          "name" : "*18",
          "version" : 10
        },
        "version" : 0
      }, {
        "id" : 1449561245,
        "_label" : "*19",
        "function" : {
          "@id" : "https://pharmgkb.org/ontologyTerm/alleleFunction/haplotypeTags:1448569185",
          "@context" : "https://api.pharmgkb.org/jsonld/ontologyTerm.jsonld",
          "id" : 1448569185,
          "parents" : [ ],
          "resource" : "Allele Function",
          "term" : "Unknown or Uncertain function",
          "termId" : "haplotypeTags:1448569185",
          "version" : 2
        },
        "haplotype" : {
          "@id" : "https://pharmgkb.org/haplotype/PA165988675",
          "@context" : "https://api.pharmgkb.org/jsonld/haplotype.jsonld",
          "objCls" : "Haplotype",
          "id" : "PA165988675",
          "symbol" : "SLCO1B1*19",
          "name" : "*19",
          "version" : 10
        },
        "version" : 0
      }, {
        "id" : 1449561246,
        "_label" : "*20",
        "function" : {
          "@id" : "https://pharmgkb.org/ontologyTerm/alleleFunction/haplotypeTags:1448569185",
          "@context" : "https://api.pharmgkb.org/jsonld/ontologyTerm.jsonld",
          "id" : 1448569185,
          "parents" : [ ],
          "resource" : "Allele Function",
          "term" : "Unknown or Uncertain function",
          "termId" : "haplotypeTags:1448569185",
          "version" : 2
        },
        "haplotype" : {
          "@id" : "https://pharmgkb.org/haplotype/PA165988676",
          "@context" : "https://api.pharmgkb.org/jsonld/haplotype.jsonld",
          "objCls" : "Haplotype",
          "id" : "PA165988676",
          "symbol" : "SLCO1B1*20",
          "name" : "*20",
          "version" : 10
        },
        "version" : 0
      }, {
        "id" : 1449561247,
        "_label" : "*21",
        "function" : {
          "@id" : "https://pharmgkb.org/ontologyTerm/alleleFunction/haplotypeTags:1448569185",
          "@context" : "https://api.pharmgkb.org/jsonld/ontologyTerm.jsonld",
          "id" : 1448569185,
          "parents" : [ ],
          "resource" : "Allele Function",
          "term" : "Unknown or Uncertain function",
          "termId" : "haplotypeTags:1448569185",
          "version" : 2
        },
        "haplotype" : {
          "@id" : "https://pharmgkb.org/haplotype/PA165988677",
          "@context" : "https://api.pharmgkb.org/jsonld/haplotype.jsonld",
          "objCls" : "Haplotype",
          "id" : "PA165988677",
          "symbol" : "SLCO1B1*21",
          "name" : "*21",
          "version" : 10
        },
        "version" : 0
      }, {
        "id" : 1449561248,
        "_label" : "*22",
        "function" : {
          "@id" : "https://pharmgkb.org/ontologyTerm/alleleFunction/haplotypeTags:1448569185",
          "@context" : "https://api.pharmgkb.org/jsonld/ontologyTerm.jsonld",
          "id" : 1448569185,
          "parents" : [ ],
          "resource" : "Allele Function",
          "term" : "Unknown or Uncertain function",
          "termId" : "haplotypeTags:1448569185",
          "version" : 2
        },
        "haplotype" : {
          "@id" : "https://pharmgkb.org/haplotype/PA165947863",
          "@context" : "https://api.pharmgkb.org/jsonld/haplotype.jsonld",
          "objCls" : "Haplotype",
          "id" : "PA165947863",
          "symbol" : "SLCO1B1*22",
          "name" : "*22",
          "version" : 14
        },
        "version" : 0
      }, {
        "id" : 1449561249,
        "_label" : "*23",
        "function" : {
          "@id" : "https://pharmgkb.org/ontologyTerm/alleleFunction/haplotypeTags:1445918941",
          "@context" : "https://api.pharmgkb.org/jsonld/ontologyTerm.jsonld",
          "id" : 1445918941,
          "parents" : [ ],
          "resource" : "Allele Function",
          "term" : "Possible Decreased function",
          "termId" : "haplotypeTags:1445918941",
          "version" : 0
        },
        "haplotype" : {
          "@id" : "https://pharmgkb.org/haplotype/PA165947864",
          "@context" : "https://api.pharmgkb.org/jsonld/haplotype.jsonld",
          "objCls" : "Haplotype",
          "id" : "PA165947864",
          "symbol" : "SLCO1B1*23",
          "name" : "*23",
          "version" : 14
        },
        "version" : 0
      }, {
        "id" : 1449561250,
        "_label" : "*24",
        "function" : {
          "@id" : "https://pharmgkb.org/ontologyTerm/alleleFunction/haplotypeTags:1448569185",
          "@context" : "https://api.pharmgkb.org/jsonld/ontologyTerm.jsonld",
          "id" : 1448569185,
          "parents" : [ ],
          "resource" : "Allele Function",
          "term" : "Unknown or Uncertain function",
          "termId" : "haplotypeTags:1448569185",
          "version" : 2
        },
        "haplotype" : {
          "@id" : "https://pharmgkb.org/haplotype/PA165947865",
          "@context" : "https://api.pharmgkb.org/jsonld/haplotype.jsonld",
          "objCls" : "Haplotype",
          "id" : "PA165947865",
          "symbol" : "SLCO1B1*24",
          "name" : "*24",
          "version" : 14
        },
        "version" : 0
      }, {
        "id" : 1449561251,
        "_label" : "*25",
        "function" : {
          "@id" : "https://pharmgkb.org/ontologyTerm/alleleFunction/haplotypeTags:1448569185",
          "@context" : "https://api.pharmgkb.org/jsonld/ontologyTerm.jsonld",
          "id" : 1448569185,
          "parents" : [ ],
          "resource" : "Allele Function",
          "term" : "Unknown or Uncertain function",
          "termId" : "haplotypeTags:1448569185",
          "version" : 2
        },
        "haplotype" : {
          "@id" : "https://pharmgkb.org/haplotype/PA165947866",
          "@context" : "https://api.pharmgkb.org/jsonld/haplotype.jsonld",
          "objCls" : "Haplotype",
          "id" : "PA165947866",
          "symbol" : "SLCO1B1*25",
          "name" : "*25",
          "version" : 14
        },
        "version" : 0
      }, {
        "id" : 1449561252,
        "_label" : "*26",
        "function" : {
          "@id" : "https://pharmgkb.org/ontologyTerm/alleleFunction/haplotypeTags:1448569185",
          "@context" : "https://api.pharmgkb.org/jsonld/ontologyTerm.jsonld",
          "id" : 1448569185,
          "parents" : [ ],
          "resource" : "Allele Function",
          "term" : "Unknown or Uncertain function",
          "termId" : "haplotypeTags:1448569185",
          "version" : 2
        },
        "haplotype" : {
          "@id" : "https://pharmgkb.org/haplotype/PA165947867",
          "@context" : "https://api.pharmgkb.org/jsonld/haplotype.jsonld",
          "objCls" : "Haplotype",
          "id" : "PA165947867",
          "symbol" : "SLCO1B1*26",
          "name" : "*26",
          "version" : 14
        },
        "version" : 0
      }, {
        "id" : 1449561253,
        "_label" : "*27",
        "function" : {
          "@id" : "https://pharmgkb.org/ontologyTerm/alleleFunction/haplotypeTags:1448569185",
          "@context" : "https://api.pharmgkb.org/jsonld/ontologyTerm.jsonld",
          "id" : 1448569185,
          "parents" : [ ],
          "resource" : "Allele Function",
          "term" : "Unknown or Uncertain function",
          "termId" : "haplotypeTags:1448569185",
          "version" : 2
        },
        "haplotype" : {
          "@id" : "https://pharmgkb.org/haplotype/PA165947868",
          "@context" : "https://api.pharmgkb.org/jsonld/haplotype.jsonld",
          "objCls" : "Haplotype",
          "id" : "PA165947868",
          "symbol" : "SLCO1B1*27",
          "name" : "*27",
          "version" : 14
        },
        "version" : 0
      }, {
        "id" : 1449561254,
        "_label" : "*28",
        "function" : {
          "@id" : "https://pharmgkb.org/ontologyTerm/alleleFunction/haplotypeTags:1448569185",
          "@context" : "https://api.pharmgkb.org/jsonld/ontologyTerm.jsonld",
          "id" : 1448569185,
          "parents" : [ ],
          "resource" : "Allele Function",
          "term" : "Unknown or Uncertain function",
          "termId" : "haplotypeTags:1448569185",
          "version" : 2
        },
        "haplotype" : {
          "@id" : "https://pharmgkb.org/haplotype/PA165947869",
          "@context" : "https://api.pharmgkb.org/jsonld/haplotype.jsonld",
          "objCls" : "Haplotype",
          "id" : "PA165947869",
          "symbol" : "SLCO1B1*28",
          "name" : "*28",
          "version" : 14
        },
        "version" : 0
      }, {
        "id" : 1449561255,
        "_label" : "*29",
        "function" : {
          "@id" : "https://pharmgkb.org/ontologyTerm/alleleFunction/haplotypeTags:1448569185",
          "@context" : "https://api.pharmgkb.org/jsonld/ontologyTerm.jsonld",
          "id" : 1448569185,
          "parents" : [ ],
          "resource" : "Allele Function",
          "term" : "Unknown or Uncertain function",
          "termId" : "haplotypeTags:1448569185",
          "version" : 2
        },
        "haplotype" : {
          "@id" : "https://pharmgkb.org/haplotype/PA165947870",
          "@context" : "https://api.pharmgkb.org/jsonld/haplotype.jsonld",
          "objCls" : "Haplotype",
          "id" : "PA165947870",
          "symbol" : "SLCO1B1*29",
          "name" : "*29",
          "version" : 14
        },
        "version" : 0
      }, {
        "id" : 1449561256,
        "_label" : "*30",
        "function" : {
          "@id" : "https://pharmgkb.org/ontologyTerm/alleleFunction/haplotypeTags:1448569185",
          "@context" : "https://api.pharmgkb.org/jsonld/ontologyTerm.jsonld",
          "id" : 1448569185,
          "parents" : [ ],
          "resource" : "Allele Function",
          "term" : "Unknown or Uncertain function",
          "termId" : "haplotypeTags:1448569185",
          "version" : 2
        },
        "haplotype" : {
          "@id" : "https://pharmgkb.org/haplotype/PA165947871",
          "@context" : "https://api.pharmgkb.org/jsonld/haplotype.jsonld",
          "objCls" : "Haplotype",
          "id" : "PA165947871",
          "symbol" : "SLCO1B1*30",
          "name" : "*30",
          "version" : 14
        },
        "version" : 0
      }, {
        "id" : 1449561257,
        "_label" : "*31",
        "function" : {
          "@id" : "https://pharmgkb.org/ontologyTerm/alleleFunction/haplotypeTags:1445918941",
          "@context" : "https://api.pharmgkb.org/jsonld/ontologyTerm.jsonld",
          "id" : 1445918941,
          "parents" : [ ],
          "resource" : "Allele Function",
          "term" : "Possible Decreased function",
          "termId" : "haplotypeTags:1445918941",
          "version" : 0
        },
        "haplotype" : {
          "@id" : "https://pharmgkb.org/haplotype/PA165947872",
          "@context" : "https://api.pharmgkb.org/jsonld/haplotype.jsonld",
          "objCls" : "Haplotype",
          "id" : "PA165947872",
          "symbol" : "SLCO1B1*31",
          "name" : "*31",
          "version" : 14
        },
        "version" : 0
      }, {
        "id" : 1449561258,
        "_label" : "*32",
        "function" : {
          "@id" : "https://pharmgkb.org/ontologyTerm/alleleFunction/haplotypeTags:1448569185",
          "@context" : "https://api.pharmgkb.org/jsonld/ontologyTerm.jsonld",
          "id" : 1448569185,
          "parents" : [ ],
          "resource" : "Allele Function",
          "term" : "Unknown or Uncertain function",
          "termId" : "haplotypeTags:1448569185",
          "version" : 2
        },
        "haplotype" : {
          "@id" : "https://pharmgkb.org/haplotype/PA165947873",
          "@context" : "https://api.pharmgkb.org/jsonld/haplotype.jsonld",
          "objCls" : "Haplotype",
          "id" : "PA165947873",
          "symbol" : "SLCO1B1*32",
          "name" : "*32",
          "version" : 14
        },
        "version" : 0
      }, {
        "id" : 1449561259,
        "_label" : "*33",
        "function" : {
          "@id" : "https://pharmgkb.org/ontologyTerm/alleleFunction/haplotypeTags:1448569185",
          "@context" : "https://api.pharmgkb.org/jsonld/ontologyTerm.jsonld",
          "id" : 1448569185,
          "parents" : [ ],
          "resource" : "Allele Function",
          "term" : "Unknown or Uncertain function",
          "termId" : "haplotypeTags:1448569185",
          "version" : 2
        },
        "haplotype" : {
          "@id" : "https://pharmgkb.org/haplotype/PA165947874",
          "@context" : "https://api.pharmgkb.org/jsonld/haplotype.jsonld",
          "objCls" : "Haplotype",
          "id" : "PA165947874",
          "symbol" : "SLCO1B1*33",
          "name" : "*33",
          "version" : 14
        },
        "version" : 0
      }, {
        "id" : 1449561260,
        "_label" : "*34",
        "function" : {
          "@id" : "https://pharmgkb.org/ontologyTerm/alleleFunction/haplotypeTags:1448569185",
          "@context" : "https://api.pharmgkb.org/jsonld/ontologyTerm.jsonld",
          "id" : 1448569185,
          "parents" : [ ],
          "resource" : "Allele Function",
          "term" : "Unknown or Uncertain function",
          "termId" : "haplotypeTags:1448569185",
          "version" : 2
        },
        "haplotype" : {
          "@id" : "https://pharmgkb.org/haplotype/PA165947875",
          "@context" : "https://api.pharmgkb.org/jsonld/haplotype.jsonld",
          "objCls" : "Haplotype",
          "id" : "PA165947875",
          "symbol" : "SLCO1B1*34",
          "name" : "*34",
          "version" : 14
        },
        "version" : 0
      }, {
        "id" : 1449561261,
        "_label" : "*35",
        "function" : {
          "@id" : "https://pharmgkb.org/ontologyTerm/alleleFunction/haplotypeTags:1445918882",
          "@context" : "https://api.pharmgkb.org/jsonld/ontologyTerm.jsonld",
          "id" : 1445918882,
          "parents" : [ ],
          "resource" : "Allele Function",
          "term" : "Possible Increased function",
          "termId" : "haplotypeTags:1445918882",
          "version" : 0
        },
        "haplotype" : {
          "@id" : "https://pharmgkb.org/haplotype/PA165947876",
          "@context" : "https://api.pharmgkb.org/jsonld/haplotype.jsonld",
          "objCls" : "Haplotype",
          "id" : "PA165947876",
          "symbol" : "SLCO1B1*35",
          "name" : "*35",
          "version" : 14
        },
        "version" : 0
      }, {
        "id" : 1449561262,
        "_label" : "*36",
        "function" : {
          "@id" : "https://pharmgkb.org/ontologyTerm/alleleFunction/haplotypeTags:1448569185",
          "@context" : "https://api.pharmgkb.org/jsonld/ontologyTerm.jsonld",
          "id" : 1448569185,
          "parents" : [ ],
          "resource" : "Allele Function",
          "term" : "Unknown or Uncertain function",
          "termId" : "haplotypeTags:1448569185",
          "version" : 2
        },
        "haplotype" : {
          "@id" : "https://pharmgkb.org/haplotype/PA165947877",
          "@context" : "https://api.pharmgkb.org/jsonld/haplotype.jsonld",
          "objCls" : "Haplotype",
          "id" : "PA165947877",
          "symbol" : "SLCO1B1*36",
          "name" : "*36",
          "version" : 14
        },
        "version" : 0
      } ],
      "gene" : {
        "@id" : "https://pharmgkb.org/gene/PA134865839",
        "@context" : "https://api.pharmgkb.org/jsonld/gene.jsonld",
        "objCls" : "Gene",
        "id" : "PA134865839",
        "symbol" : "SLCO1B1",
        "name" : "solute carrier organic anion transporter family member 1B1",
        "alleleFile" : "SLCO1B1_allele_definition_table.xlsx",
        "altNames" : {
          "synonym" : [ "solute carrier organic anion transporter family, member 1B1" ],
          "symbol" : [ "LST-1", "OATP-C", "OATP1B1", "SLC21A6" ]
        },
        "buildVersion" : "GRCh38.p7",
        "cbStart" : "p12.2",
        "cbStop" : "p12.1",
        "chr" : {
          "@id" : "https://pharmgkb.org/chromosome/PA508",
          "@context" : "https://api.pharmgkb.org/jsonld/chromosome.jsonld",
          "objCls" : "Chromosome",
          "id" : "PA508",
          "name" : "chr12",
          "version" : 3
        },
        "chrStartPosB37" : 21284128,
        "chrStartPosB38" : 21131194,
        "chrStopPosB37" : 21392730,
        "chrStopPosB38" : 21239796,
        "crossReferences" : [ {
          "@id" : "https://pharmgkb.org/crossReference/alfred/LO013242M",
          "@context" : "https://api.pharmgkb.org/jsonld/crossReference.jsonld",
          "id" : 608076670,
          "resource" : "ALFRED",
          "resourceId" : "LO013242M",
          "_url" : "http://alfred.med.yale.edu/alfred/recordinfop.asp?UNID=LO013242M",
          "version" : 0
        }, {
          "@id" : "https://pharmgkb.org/crossReference/ctd/10599",
          "@context" : "https://api.pharmgkb.org/jsonld/crossReference.jsonld",
          "id" : 553239425,
          "resource" : "Comparative Toxicogenomics Database",
          "resourceId" : "10599",
          "_url" : "http://ctdbase.org/detail.go?type=gene&acc=10599",
          "version" : 0
        }, {
          "@id" : "https://pharmgkb.org/crossReference/ensembl/ENSG00000134538",
          "@context" : "https://api.pharmgkb.org/jsonld/crossReference.jsonld",
          "id" : 132269853,
          "resource" : "Ensembl",
          "resourceId" : "ENSG00000134538",
          "_url" : "http://www.ensembl.org/Homo_sapiens/Gene/Summary?g=ENSG00000134538",
          "version" : 0
        }, {
          "@id" : "https://pharmgkb.org/crossReference/genAtlas/SLCO1B1",
          "@context" : "https://api.pharmgkb.org/jsonld/crossReference.jsonld",
          "id" : 123067002,
          "resource" : "GenAtlas",
          "resourceId" : "SLCO1B1",
          "_url" : "http://genatlas.medecine.univ-paris5.fr/fiche.php?symbol=SLCO1B1",
          "version" : 1
        }, {
          "@id" : "https://pharmgkb.org/crossReference/geneCard/SLCO1B1",
          "@context" : "https://api.pharmgkb.org/jsonld/crossReference.jsonld",
          "id" : 123067003,
          "resource" : "GeneCard",
          "resourceId" : "SLCO1B1",
          "_url" : "http://www.genecards.org/cgi-bin/carddisp.pl?gene=SLCO1B1",
          "version" : 1
        }, {
          "@id" : "https://pharmgkb.org/crossReference/go/GO:0005215",
          "@context" : "https://api.pharmgkb.org/jsonld/crossReference.jsonld",
          "id" : 34950,
          "resource" : "GO",
          "resourceId" : "GO:0005215",
          "_url" : "http://amigo.geneontology.org/amigo/term/GO%3A0005215",
          "version" : 1
        }, {
          "@id" : "https://pharmgkb.org/crossReference/go/GO:0005624",
          "@context" : "https://api.pharmgkb.org/jsonld/crossReference.jsonld",
          "id" : 34644,
          "resource" : "GO",
          "resourceId" : "GO:0005624",
          "_url" : "http://amigo.geneontology.org/amigo/term/GO%3A0005624",
          "version" : 1
        }, {
          "@id" : "https://pharmgkb.org/crossReference/go/GO:0005887",
          "@context" : "https://api.pharmgkb.org/jsonld/crossReference.jsonld",
          "id" : 34662,
          "resource" : "GO",
          "resourceId" : "GO:0005887",
          "_url" : "http://amigo.geneontology.org/amigo/term/GO%3A0005887",
          "version" : 1
        }, {
          "@id" : "https://pharmgkb.org/crossReference/go/GO:0006811",
          "@context" : "https://api.pharmgkb.org/jsonld/crossReference.jsonld",
          "id" : 35126,
          "resource" : "GO",
          "resourceId" : "GO:0006811",
          "_url" : "http://amigo.geneontology.org/amigo/term/GO%3A0006811",
          "version" : 1
        }, {
          "@id" : "https://pharmgkb.org/crossReference/go/GO:0015347",
          "@context" : "https://api.pharmgkb.org/jsonld/crossReference.jsonld",
          "id" : 36013,
          "resource" : "GO",
          "resourceId" : "GO:0015347",
          "_url" : "http://amigo.geneontology.org/amigo/term/GO%3A0015347",
          "version" : 1
        }, {
          "@id" : "https://pharmgkb.org/crossReference/go/GO:0015711",
          "@context" : "https://api.pharmgkb.org/jsonld/crossReference.jsonld",
          "id" : 35283,
          "resource" : "GO",
          "resourceId" : "GO:0015711",
          "_url" : "http://amigo.geneontology.org/amigo/term/GO%3A0015711",
          "version" : 1
        }, {
          "@id" : "https://pharmgkb.org/crossReference/go/GO:0016020",
          "@context" : "https://api.pharmgkb.org/jsonld/crossReference.jsonld",
          "id" : 34795,
          "resource" : "GO",
          "resourceId" : "GO:0016020",
          "_url" : "http://amigo.geneontology.org/amigo/term/GO%3A0016020",
          "version" : 1
        }, {
          "@id" : "https://pharmgkb.org/crossReference/hgnc/HGNC:10959",
          "@context" : "https://api.pharmgkb.org/jsonld/crossReference.jsonld",
          "id" : 608076669,
          "resource" : "HGNC",
          "resourceId" : "HGNC:10959",
          "_url" : "https://www.genenames.org/data/gene-symbol-report/#!/hgnc_id/HGNC%3A10959",
          "version" : 1
        }, {
          "@id" : "https://pharmgkb.org/crossReference/HumanCycGene/HS05882",
          "@context" : "https://api.pharmgkb.org/jsonld/crossReference.jsonld",
          "id" : 608076672,
          "resource" : "HumanCyc Gene",
          "resourceId" : "HS05882",
          "_url" : "http://biocyc.org/HUMAN/NEW-IMAGE?object=HS05882",
          "version" : 0
        }, {
          "@id" : "https://pharmgkb.org/crossReference/modBase/Q9Y6L6",
          "@context" : "https://api.pharmgkb.org/jsonld/crossReference.jsonld",
          "id" : 560876433,
          "resource" : "ModBase",
          "resourceId" : "Q9Y6L6",
          "_url" : "http://salilab.org/modbase/search?modelflag=longest&databaseID=Q9Y6L6",
          "version" : 0
        }, {
          "@id" : "https://pharmgkb.org/crossReference/mutDb/SLCO1B1",
          "@context" : "https://api.pharmgkb.org/jsonld/crossReference.jsonld",
          "id" : 123067005,
          "resource" : "MutDB",
          "resourceId" : "SLCO1B1",
          "_url" : "http://www.mutdb.org/genes/search?_method=POST&data%5BSearch%5D%5Bidentifier%5D=SLCO1B1",
          "version" : 1
        }, {
          "@id" : "https://pharmgkb.org/crossReference/entrezGene/10599",
          "@context" : "https://api.pharmgkb.org/jsonld/crossReference.jsonld",
          "id" : 9284,
          "resource" : "NCBI Gene",
          "resourceId" : "10599",
          "_url" : "https://www.ncbi.nlm.nih.gov/gene/10599",
          "version" : 1
        }, {
          "@id" : "https://pharmgkb.org/crossReference/omim/604843",
          "@context" : "https://api.pharmgkb.org/jsonld/crossReference.jsonld",
          "id" : 7200,
          "resource" : "OMIM",
          "resourceId" : "604843",
          "_url" : "http://omim.org/entry/604843",
          "version" : 1
        }, {
          "@id" : "https://pharmgkb.org/crossReference/refSeqDna/NG_011745",
          "@context" : "https://api.pharmgkb.org/jsonld/crossReference.jsonld",
          "id" : 560565931,
          "resource" : "RefSeq DNA",
          "resourceId" : "NG_011745",
          "_url" : "https://www.ncbi.nlm.nih.gov/nuccore/NG_011745",
          "version" : 0
        }, {
          "@id" : "https://pharmgkb.org/crossReference/refSeqDna/NT_009714",
          "@context" : "https://api.pharmgkb.org/jsonld/crossReference.jsonld",
          "id" : 36775,
          "resource" : "RefSeq DNA",
          "resourceId" : "NT_009714",
          "_url" : "https://www.ncbi.nlm.nih.gov/nuccore/NT_009714",
          "version" : 1
        }, {
          "@id" : "https://pharmgkb.org/crossReference/refSeqProtein/NP_006437",
          "@context" : "https://api.pharmgkb.org/jsonld/crossReference.jsonld",
          "id" : 42861,
          "resource" : "RefSeq Protein",
          "resourceId" : "NP_006437",
          "_url" : "https://www.ncbi.nlm.nih.gov/nuccore/NP_006437",
          "version" : 1
        }, {
          "@id" : "https://pharmgkb.org/crossReference/refSeqRna/NM_006446",
          "@context" : "https://api.pharmgkb.org/jsonld/crossReference.jsonld",
          "id" : 51961,
          "resource" : "RefSeq RNA",
          "resourceId" : "NM_006446",
          "_url" : "https://www.ncbi.nlm.nih.gov/nuccore/NM_006446",
          "version" : 1
        }, {
          "@id" : "https://pharmgkb.org/crossReference/ucscGenomeBrowser/NM_006446",
          "@context" : "https://api.pharmgkb.org/jsonld/crossReference.jsonld",
          "id" : 120845,
          "resource" : "UCSC Genome Browser",
          "resourceId" : "NM_006446",
          "_url" : "http://genome.ucsc.edu/cgi-bin/hgTracks?Submit=Submit&position=NM_006446",
          "version" : 1
        }, {
          "@id" : "https://pharmgkb.org/crossReference/uniProtKb/Q05CV5",
          "@context" : "https://api.pharmgkb.org/jsonld/crossReference.jsonld",
          "id" : 608076671,
          "name" : "Q05CV5_HUMAN",
          "resource" : "UniProtKB",
          "resourceId" : "Q05CV5",
          "_url" : "http://www.uniprot.org/uniprot/Q05CV5",
          "version" : 1
        }, {
          "@id" : "https://pharmgkb.org/crossReference/uniProtKb/Q9Y6L6",
          "@context" : "https://api.pharmgkb.org/jsonld/crossReference.jsonld",
          "id" : 77698353,
          "name" : "SO1B1_HUMAN",
          "resource" : "UniProtKB",
          "resourceId" : "Q9Y6L6",
          "_url" : "http://www.uniprot.org/uniprot/Q9Y6L6",
          "version" : 1
        } ],
        "strand" : "plus",
        "terms" : [ {"@id":"https://pharmgkb.org/ontologyTerm/GO/GO:0005215","@context":"https://api.pharmgkb.org/jsonld/ontologyTerm.jsonld","id":560499603,"_url":"http://amigo.geneontology.org/amigo/term/GO:0005215","resource":"Gene Ontology","term":"transporter activity","termId":"GO:0005215"}, {"@id":"https://pharmgkb.org/ontologyTerm/GO/GO:0005624","@context":"https://api.pharmgkb.org/jsonld/ontologyTerm.jsonld","id":560495464,"_url":"http://amigo.geneontology.org/amigo/term/GO:0005624","resource":"Gene Ontology","term":"membrane fraction","termId":"GO:0005624"}, {"@id":"https://pharmgkb.org/ontologyTerm/GO/GO:0005886","@context":"https://api.pharmgkb.org/jsonld/ontologyTerm.jsonld","id":560500224,"_url":"http://amigo.geneontology.org/amigo/term/GO:0005886","resource":"Gene Ontology","term":"plasma membrane","termId":"GO:0005886"}, {"@id":"https://pharmgkb.org/ontologyTerm/GO/GO:0005887","@context":"https://api.pharmgkb.org/jsonld/ontologyTerm.jsonld","id":560500225,"_url":"http://amigo.geneontology.org/amigo/term/GO:0005887","resource":"Gene Ontology","term":"integral to plasma membrane","termId":"GO:0005887"}, {"@id":"https://pharmgkb.org/ontologyTerm/GO/GO:0006811","@context":"https://api.pharmgkb.org/jsonld/ontologyTerm.jsonld","id":560501464,"_url":"http://amigo.geneontology.org/amigo/term/GO:0006811","resource":"Gene Ontology","term":"ion transport","termId":"GO:0006811"}, {"@id":"https://pharmgkb.org/ontologyTerm/GO/GO:0015347","@context":"https://api.pharmgkb.org/jsonld/ontologyTerm.jsonld","id":560506053,"_url":"http://amigo.geneontology.org/amigo/term/GO:0015347","resource":"Gene Ontology","term":"sodium-independent organic anion transmembrane transporter activity","termId":"GO:0015347"}, {"@id":"https://pharmgkb.org/ontologyTerm/GO/GO:0015711","@context":"https://api.pharmgkb.org/jsonld/ontologyTerm.jsonld","id":560506370,"_url":"http://amigo.geneontology.org/amigo/term/GO:0015711","resource":"Gene Ontology","term":"organic anion transport","termId":"GO:0015711"}, {"@id":"https://pharmgkb.org/ontologyTerm/GO/GO:0016323","@context":"https://api.pharmgkb.org/jsonld/ontologyTerm.jsonld","id":560506899,"_url":"http://amigo.geneontology.org/amigo/term/GO:0016323","resource":"Gene Ontology","term":"basolateral plasma membrane","termId":"GO:0016323"} ],
        "version" : 46
      },
      "version" : 0
    } ],
    "history" : [ {
      "id" : 1183699778,
      "date" : "2012-05-23T00:00:00-07:00",
      "type" : "Create",
      "version" : 0
    }, {
      "id" : 1184348497,
      "date" : "2014-05-12T00:00:00-07:00",
      "description" : "added SLCO1B1 translation table",
      "type" : "Update",
      "version" : 0
    }, {
      "id" : 1184469595,
      "date" : "2014-06-17T00:00:00-07:00",
      "type" : "Update",
      "version" : 0
    }, {
      "id" : 1184472225,
      "date" : "2014-06-30T00:00:00-07:00",
      "description" : "Updated translation table to version from 27 June 2014",
      "type" : "Update",
      "version" : 0
    }, {
      "id" : 1451266841,
      "date" : "2020-09-21T12:14:32.683-07:00",
      "description" : "add pediatric-specific  tag and text",
      "type" : "Update",
      "version" : 0
    } ],
    "literature" : [ {"@id":"https://pharmgkb.org/literature/15077441","@context":"https://api.pharmgkb.org/jsonld/literature.jsonld","id":15077441,"resourceId":"24918167","title":"The clinical pharmacogenetics implementation consortium guideline for SLCO1B1 and simvastatin-induced myopathy: 2014 update.","_sameAs":"https://www.ncbi.nlm.nih.gov/pmc/articles/PMC4169720","crossReferences":[{"@id":"https://pharmgkb.org/crossReference/pmc/PMC4169720","@context":"https://api.pharmgkb.org/jsonld/crossReference.jsonld","id":1449281448,"resource":"PubMed Central","resourceId":"PMC4169720","_url":"https://www.ncbi.nlm.nih.gov/pmc/articles/PMC4169720"},{"@id":"https://pharmgkb.org/crossReference/pubMed/24918167","@context":"https://api.pharmgkb.org/jsonld/crossReference.jsonld","id":1449281447,"resource":"PubMed","resourceId":"24918167","_url":"https://www.ncbi.nlm.nih.gov/pubmed/24918167"},{"@id":"https://pharmgkb.org/crossReference/doi/10.1038/clpt.2014.125","@context":"https://api.pharmgkb.org/jsonld/crossReference.jsonld","id":1449281449,"resource":"DOI","resourceId":"10.1038/clpt.2014.125","_url":"http://dx.doi.org/10.1038%2Fclpt.2014.125"}],"objCls":"Literature","type":"Article"}, {"@id":"https://pharmgkb.org/literature/15013653","@context":"https://api.pharmgkb.org/jsonld/literature.jsonld","id":15013653,"resourceId":"22617227","title":"The clinical pharmacogenomics implementation consortium: CPIC guideline for SLCO1B1 and simvastatin-induced myopathy.","_sameAs":"https://www.ncbi.nlm.nih.gov/pmc/articles/PMC3384438","crossReferences":[{"@id":"https://pharmgkb.org/crossReference/pmc/PMC3384438","@context":"https://api.pharmgkb.org/jsonld/crossReference.jsonld","id":1449267851,"resource":"PubMed Central","resourceId":"PMC3384438","_url":"https://www.ncbi.nlm.nih.gov/pmc/articles/PMC3384438"},{"@id":"https://pharmgkb.org/crossReference/pubMed/22617227","@context":"https://api.pharmgkb.org/jsonld/crossReference.jsonld","id":978636635,"resource":"PubMed","resourceId":"22617227","_url":"https://www.ncbi.nlm.nih.gov/pubmed/22617227"},{"@id":"https://pharmgkb.org/crossReference/doi/10.1038/clpt.2012.57","@context":"https://api.pharmgkb.org/jsonld/crossReference.jsonld","id":1449267852,"resource":"DOI","resourceId":"10.1038/clpt.2012.57","_url":"http://dx.doi.org/10.1038%2Fclpt.2012.57"}],"objCls":"Literature","type":"Article"}, {"@id":"https://pharmgkb.org/literature/15100916","@context":"https://api.pharmgkb.org/jsonld/literature.jsonld","id":15100916,"resourceId":"https://cpicpgx.org/guidelines/guideline-for-simvastatin-and-slco1b1/","title":"CPIC® Guideline for Simvastatin and SLCO1B1 – CPIC","_sameAs":"https://cpicpgx.org/guidelines/guideline-for-simvastatin-and-slco1b1/","crossReferences":[{"@id":"https://pharmgkb.org/crossReference/url/https://cpicpgx.org/guidelines/guideline-for-simvastatin-and-slco1b1/","@context":"https://api.pharmgkb.org/jsonld/crossReference.jsonld","id":1447983510,"resource":"URL","resourceId":"https://cpicpgx.org/guidelines/guideline-for-simvastatin-and-slco1b1/","_url":"https://cpicpgx.org/guidelines/guideline-for-simvastatin-and-slco1b1/"}],"objCls":"Literature","type":"Web Page"} ],
    "pediatric" : true,
    "pediatricContext" : {
      "id" : 1451266840,
      "html" : "<p>Excerpts from the guideline:</p>\n<blockquote class=\"blockquote\">\n<p>&quot;At the time of this writing, there are no data available regarding SLCO1B1 genotype effects on simvastatin response or myopathy in pediatric patient populations, although there is no reason to suspect that the polymorphisms in SLCO1B1 will affect simvastatin's metabolism differently in children compared to adults.&quot;</p>\n</blockquote>\n",
      "version" : 0
    },
    "recommendation" : true,
    "relatedAlleles" : [ {
      "@id" : "https://pharmgkb.org/variant/PA166154579",
      "@context" : "https://api.pharmgkb.org/jsonld/variant.jsonld",
      "objCls" : "Variant",
      "id" : "PA166154579",
      "symbol" : "rs4149056",
      "name" : "rs4149056",
      "version" : 5
    }, {
      "@id" : "https://pharmgkb.org/haplotype/PA165819265",
      "@context" : "https://api.pharmgkb.org/jsonld/haplotype.jsonld",
      "objCls" : "Haplotype",
      "id" : "PA165819265",
      "symbol" : "SLCO1B1*15",
      "name" : "*15",
      "version" : 16
    }, {
      "@id" : "https://pharmgkb.org/haplotype/PA165819266",
      "@context" : "https://api.pharmgkb.org/jsonld/haplotype.jsonld",
      "objCls" : "Haplotype",
      "id" : "PA165819266",
      "symbol" : "SLCO1B1*17",
      "name" : "*17",
      "version" : 16
    }, {
      "@id" : "https://pharmgkb.org/haplotype/PA165819255",
      "@context" : "https://api.pharmgkb.org/jsonld/haplotype.jsonld",
      "objCls" : "Haplotype",
      "id" : "PA165819255",
      "symbol" : "SLCO1B1*5",
      "name" : "*5",
      "version" : 16
    } ],
    "relatedChemicals" : [ {
      "@id" : "https://pharmgkb.org/chemical/PA451363",
      "@context" : "https://api.pharmgkb.org/jsonld/chemical.jsonld",
      "objCls" : "Chemical",
      "id" : "PA451363",
      "name" : "simvastatin",
      "version" : 20
    } ],
    "relatedGenes" : [ {
      "@id" : "https://pharmgkb.org/gene/PA134865839",
      "@context" : "https://api.pharmgkb.org/jsonld/gene.jsonld",
      "objCls" : "Gene",
      "id" : "PA134865839",
      "symbol" : "SLCO1B1",
      "name" : "solute carrier organic anion transporter family member 1B1",
      "version" : 46
    } ],
    "source" : "Clinical Pharmacogenetics Implementation Consortium",
    "summaryMarkdown" : {
      "id" : 1447981966,
      "html" : "<p>The FDA recommends against 80mg daily simvastatin dosage. In patients with the C allele at SLCO1B1 <a href=\"/variant/PA166154579\">rs4149056</a>, there are modest increases in myopathy risk even at lower simvastatin doses (40mg daily); if optimal efficacy is not achieved with a lower dose, alternate agents should be considered.</p>\n",
      "version" : 12
    },
    "summaryVideoId" : "V4iRKeTOxjc",
    "terms" : [ ],
    "textMarkdown" : {
      "id" : 1447981965,
      "html" : "<p>This annotation is based on the <a rel=\"noopener noreferrer\" href=\"https://cpicpgx.org/guidelines/guideline-for-simvastatin-and-slco1b1/\" target=\"_blank\">CPIC&reg; guideline for simvastatin and SLCO1B1</a>.</p>\n<h3 id=\"october-2014-update\">October 2014 Update</h3>\n<p><em>Advance online publication 9 July 2014.</em></p>\n<ul>\n<li>\n<p>The <a rel=\"noopener noreferrer\" href=\"https://cpicpgx.org/content/guideline/publication/simvastatin/2014/24918167.pdf\" target=\"_blank\">2014 update of CPIC guideline regarding SLCO1B1 and simvastatin-induced myopathy</a>, has been published in Clinical Pharmacology and Therapeutics.  CPIC extensively reviewed the literature from February 2011 to December 2013 and concluded the dosing recommendations provided in the 2012 CPIC guideline for SLCO1B1 and simvastatin-induced myopathy have not changed. However, this updated guideline also provides a brief review regarding SLCO1B1 genotype and risk of myopathy for other statins.  Furthermore, comprehensive translation tables mapping SLCO1B1 genotypes to coded genotype/phenotype summaries, EHR priority result notation and interpretation (consultation) text were created to facilitate incorporation of SLCO1B1 pharmacogenetics into an electronic health record with clinical decision support.</p>\n</li>\n<li>\n<p>This guideline is applicable to:</p>\n<ul>\n<li>adult patients</li>\n<li>pediatric patients</li>\n</ul>\n</li>\n<li>\n<p>Excerpt from the 2014 simvastatin dosing guideline:</p>\n<ul>\n<li>&quot;For simvastatin, the evidence linking myopathy to <a href=\"/variant/PA166154579\">rs4149056</a> in SLCO1B1 is of high quality, and this association has been reproduced in randomized trials and clinical practice-based cohorts. Conversely, the association of <a href=\"/variant/PA166154579\">rs4149056</a> with myopathy has been less compelling for other statins. We therefore focus this guideline on simvastatin.&quot;</li>\n</ul>\n</li>\n</ul>\n<p>&quot;In 2011 and updated in 2013, the FDA added warnings to the simvastatin product label to direct providers away from initiating at the 80 mg simvastatin dose. &quot;</p>\n<p>&quot;At lower simvastatin doses (e.g., 40 mg daily), it is our position that SLCO1B1 genotype (if available) could be used to warn providers about modest increases in myopathy risk for patients with a C allele at <a href=\"/variant/PA166154579\">rs4149056</a>. In these circumstances, we recommend a lower dose of simvastatin or use an alternative statin (e.g. pravastatin or rosuvastatin) and we also highlight the potential utility of routine CK surveillance (Table 2). If patients with a C allele at <a href=\"/variant/PA166154579\">rs4149056</a> do not achieve optimal LDL cholesterol-lowering efficacy with a lower dose (e.g. 20 mg) of simvastatin, we recommend the prescribing physician consider an alternate statin based on (i) potency differences (i.e., use a lower dose of a higher potency statin such as atorvastatin, rosuvastatin, or pitavastatin), (ii) drug-drug interactions (e.g., boceprevir, clarithromycin, cyclosporine, strong CYP3A4 inhibitors, etc.), and (iii) relevant co-morbidities (e.g., trauma, significant renal impairment, post-solid organ transplant, thyroid disease etc.).&quot;</p>\n<p>&quot;At the time of this writing, there are no data available regarding SLCO1B1 genotype effects on simvastatin response or myopathy in pediatric patient populations, although there is no reason to suspect that the polymorphisms in SLCO1B1 will affect simvastatin's metabolism differently in children compared to adults.&quot;</p>\n<ul>\n<li>Download and read:\n<ul>\n<li><a rel=\"noopener noreferrer\" href=\"https://cpicpgx.org/content/guideline/publication/simvastatin/2014/24918167.pdf\" target=\"_blank\">The Clinical Pharmacogenetics Implementation Consortium (CPIC) guideline for SLCO1B1 and simvastatin-induced myopathy: 2014 update</a></li>\n<li><a rel=\"noopener noreferrer\" href=\"https://cpicpgx.org/content/guideline/publication/simvastatin/2014/24918167-supplement.pdf\" target=\"_blank\">2014 supplement</a></li>\n<li><a href=\"/page/slco1b1RefMaterials\">Gene-specific Information Tables for SLCO1B1</a></li>\n</ul>\n</li>\n</ul>\n<h3 id=\"table-1-recommended-dosing-of-simvastatin-based-on-slco1b1-phenotype\">Table 1: Recommended dosing of simvastatin based on SLCO1B1 phenotype</h3>\n<p><em>Adapted from Table 1 and 2 of the 2014 guideline update manuscript.</em></p>\n<table class=\"table\">\n<thead>\n<tr><th>Phenotype</th><th>Examples of diplotypes <sup>a</sup></th><th>Genotype at <a href=\"/variant/PA166154579\">rs4149056</a></th><th>Implications for simvastatin</th><th>Dosing recommendations for simvastatin <sup>b,c</sup></th><th>Classification of recommendations <sup>d</sup></th></tr>\n</thead>\n<tbody>\n<tr><td>Normal function, Homozygous wild-type (two normal function alleles)</td><td>*1a/*1a, *1a/*1b, *1b/*1b</td><td>TT</td><td>Normal myopathy risk</td><td>Prescribe desired starting dose and adjust doses of simvastatin based on disease-specific guidelines.</td><td>Strong</td></tr>\n<tr><td>Intermediate function, Heterozygous (one normal function allele plus one decreased function allele)</td><td>*1a/*5, *1a/*15, *1a/*17, *1b/*5, *1b/*15, *1b/*17</td><td>TC</td><td>Intermediate myopathy risk</td><td>Prescribe a lower dose or consider an alternative statin (e.g. pravastatin or rosuvastatin); consider routine CK surveillance.</td><td>Strong</td></tr>\n<tr><td>Low function, Homozygous variant or mutant (two decreased function alleles)</td><td>*5/*5, *5/*15, *5/*17, *15/*15, *15/*17, *17/*17</td><td>CC</td><td>High myopathy risk</td><td>Prescribe a lower dose or consider an alternative statin (e.g. pravastatin or rosuvastatin); consider routine CK surveillance.</td><td>Strong</td></tr>\n</tbody>\n</table>\n<p>CK, creatine kinase.</p>\n<p><sup>a</sup> SLCO1B1 alleles are often named using <a href=\"http://www.pharmgkb.org/gene/PA134865839#tabview=tab4&amp;subtab=33\">star allele nomenclature, representing various SNPs alone or in combination</a> (2014 Update Supplemental Table S1) that are associated with low SLCO1B1 protein expression or function (2014 Update Supplemental Table S2). The minor C allele at <a href=\"/variant/PA166154579\">rs4149056</a> is contained within SLCO1B1*5 (<a href=\"/variant/PA166154579\">rs4149056</a> alone) as well as the *15 and *17 haplotypes and is associated with lower plasma clearance of simvastatin. The magnitude of this effect is similar for *5, *15, and *17 haplotypes.</p>\n<p><sup>b</sup> In all cases, the potential for drug-drug interaction should be evaluated prior to initiating a prescription.</p>\n<p><sup>c</sup> FDA recommends against 80mg (unless already tolerated 12 months).</p>\n<p><sup>d</sup> See Supplementary Materials (text section entitled &quot;Levels of Evidence&quot;) online for additional details regarding the three-tiered system used to grade the quality of evidence.</p>\n<h3 id=\"july-2012\">July 2012</h3>\n<p><em>Advance online publication May 2012.</em></p>\n<ul>\n<li>Guideline regarding the use of pharmacogenomic tests in dosing for simvastatin was published in Clinical Pharmacology and Therapeutics by the Clinical Pharmacogenetics Implementation Consortium <a rel=\"noopener noreferrer\" href=\"https://cpicpgx.org/\" target=\"_blank\">(CPIC)</a>.</li>\n<li>Download and read:\n<ul>\n<li><a rel=\"noopener noreferrer\" href=\"https://cpicpgx.org/content/guideline/publication/simvastatin/2012/22617227.pdf\" target=\"_blank\">The clinical pharmacogenomics implementation consortium: CPIC guideline for SLCO1B1 and simvastatin-induced myopathy.</a></li>\n<li><a rel=\"noopener noreferrer\" href=\"https://cpicpgx.org/content/guideline/publication/simvastatin/2012/22617227-supplement.pdf\" target=\"_blank\">2012 supplement</a></li>\n</ul>\n</li>\n</ul>\n",
      "version" : 16
    },
    "userId" : "whaleyr",
    "version" : 44
  }
}