{
  "guideline" : {
    "@id" : "https://pharmgkb.org/guidelineAnnotation/PA166202621",
    "@context" : "https://api.pharmgkb.org/jsonld/guidelineAnnotation.jsonld",
    "objCls" : "Guideline Annotation",
    "id" : "PA166202621",
    "name" : "Annotation of PRO Guideline for acenocoumarol,fluindione,warfarin and CYP2C9,VKORC1",
    "cancerGenome" : false,
    "crossReferences" : [ ],
    "descriptiveVideoId" : "",
    "guidelineGenes" : [ ],
    "history" : [ {
      "id" : 1451128262,
      "date" : "2020-05-13T00:00:00-07:00",
      "type" : "Create",
      "version" : 0
    } ],
    "literature" : [ {"@id":"https://pharmgkb.org/literature/15109262","@context":"https://api.pharmgkb.org/jsonld/literature.jsonld","id":15109262,"resourceId":"28237404","title":"Pharmacogenetics in cardiovascular diseases: State of the art and implementation-recommendations of the French National Network of Pharmacogenetics (RNPGx).","_sameAs":"https://www.ncbi.nlm.nih.gov/pubmed/28237404","crossReferences":[{"@id":"https://pharmgkb.org/crossReference/pubMed/28237404","@context":"https://api.pharmgkb.org/jsonld/crossReference.jsonld","id":1451127922,"resource":"PubMed","resourceId":"28237404","_url":"https://www.ncbi.nlm.nih.gov/pubmed/28237404"},{"@id":"https://pharmgkb.org/crossReference/doi/10.1016/j.therap.2016.09.017","@context":"https://api.pharmgkb.org/jsonld/crossReference.jsonld","id":1451127923,"resource":"DOI","resourceId":"10.1016/j.therap.2016.09.017","_url":"http://dx.doi.org/10.1016%2Fj.therap.2016.09.017"}],"objCls":"Literature","type":"Article"} ],
    "pediatric" : false,
    "recommendation" : true,
    "relatedAlleles" : [ {
      "@id" : "https://pharmgkb.org/haplotype/PA165816543",
      "@context" : "https://api.pharmgkb.org/jsonld/haplotype.jsonld",
      "objCls" : "Haplotype",
      "id" : "PA165816543",
      "symbol" : "CYP2C9*2",
      "name" : "*2",
      "version" : 12
    }, {
      "@id" : "https://pharmgkb.org/haplotype/PA165816544",
      "@context" : "https://api.pharmgkb.org/jsonld/haplotype.jsonld",
      "objCls" : "Haplotype",
      "id" : "PA165816544",
      "symbol" : "CYP2C9*3",
      "name" : "*3",
      "version" : 14
    }, {
      "@id" : "https://pharmgkb.org/variant/PA166155091",
      "@context" : "https://api.pharmgkb.org/jsonld/variant.jsonld",
      "objCls" : "Variant",
      "id" : "PA166155091",
      "symbol" : "rs9923231",
      "name" : "rs9923231",
      "version" : 4
    }, {
      "@id" : "https://pharmgkb.org/variant/PA166155096",
      "@context" : "https://api.pharmgkb.org/jsonld/variant.jsonld",
      "objCls" : "Variant",
      "id" : "PA166155096",
      "symbol" : "rs9934438",
      "name" : "rs9934438",
      "version" : 4
    } ],
    "relatedChemicals" : [ {
      "@id" : "https://pharmgkb.org/chemical/PA452632",
      "@context" : "https://api.pharmgkb.org/jsonld/chemical.jsonld",
      "objCls" : "Chemical",
      "id" : "PA452632",
      "name" : "acenocoumarol",
      "version" : 5
    }, {
      "@id" : "https://pharmgkb.org/chemical/PA165980614",
      "@context" : "https://api.pharmgkb.org/jsonld/chemical.jsonld",
      "objCls" : "Chemical",
      "id" : "PA165980614",
      "name" : "fluindione",
      "version" : 3
    }, {
      "@id" : "https://pharmgkb.org/chemical/PA451906",
      "@context" : "https://api.pharmgkb.org/jsonld/chemical.jsonld",
      "objCls" : "Chemical",
      "id" : "PA451906",
      "name" : "warfarin",
      "version" : 16
    } ],
    "relatedGenes" : [ {
      "@id" : "https://pharmgkb.org/gene/PA126",
      "@context" : "https://api.pharmgkb.org/jsonld/gene.jsonld",
      "objCls" : "Gene",
      "id" : "PA126",
      "symbol" : "CYP2C9",
      "name" : "cytochrome P450 family 2 subfamily C member 9",
      "version" : 7876
    }, {
      "@id" : "https://pharmgkb.org/gene/PA133787052",
      "@context" : "https://api.pharmgkb.org/jsonld/gene.jsonld",
      "objCls" : "Gene",
      "id" : "PA133787052",
      "symbol" : "VKORC1",
      "name" : "vitamin K epoxide reductase complex subunit 1",
      "version" : 15
    } ],
    "source" : "Professional Society",
    "summaryMarkdown" : {
      "id" : 1451128260,
      "html" : "<p>Testing for VKORC1/CYP2C9 genotype is advisable to determine the optimal dose and to orient the prescription to an alternative therapeutic option such as a direct-action oral anticoagulant before initiating vitamin K antagonists (VKA) treatment. Testing is also advisable to explain an hemorrhagic event or VKA resistance after treatment initiation.</p>\n",
      "version" : 0
    },
    "summaryVideoId" : "",
    "terms" : [ ],
    "textMarkdown" : {
      "id" : 1451128261,
      "html" : "<p>The French National Network of Pharmacogenetics (RNPGx) guideline for CYP2C9/VKORC1 and oral vitamin K antagonists (VKA) recommends taking into account the VKORC1/CYP2C9 genotype and non-genetic covariables of VKA exposure. Before initiating VKA treatment (testing is advisable to determine the optimal dose and to orient the prescription to an alternative therapeutic option such as a direct-action oral anticoagulant); after treatment initiation (testing is advisable to explain an hemorrhagic event or VKA resistance).</p>\n<blockquote class=\"blockquote\">\n<p>Recommendations published by the RNPGx correspond to international guidelines issuing from the CPIC and extended to VKAs available in France: fluindione (Préviscan®), acenocoumarol (Sintrom®) and warfarin (Coumadine®). The RNPGx is in favor of taking into account the VKORC1/CYP2C9 genotype and non-genetic covariables of VKA exposure: before initiating VKA treatment (testing is advisable to determine the optimal dose and to orient the prescription to an alternative therapeutic option such as a direct-action oral anticoagulant); after treatment initiation (testing is advisable to explain an hemorrhagic event or VKA resistance).</p>\n<p>The effects of VKORC1 and CYP2C9 polymorphisms are cumulative so that both genotypes should always be considered. In subjects with a homozygous or heterozygous c.-1639A variant of gene VKORC1, the VKORC1 enzyme is expressed less and a standard VKA dose is associated with\nhigher risk of hemorrhage due to overexposure. Patients who are carriers of homozygous or heterozygous alleles CYP2C9*2 or *3 exhibit reduced liver metabolism of VKA and are at risk of over exposure.</p>\n<p>When there is a risk of hemorrhage due to over exposure in patients carriers of one or more of these alleles, the VKA should be initiated at a lower dose (from 20% to 80% of standard dose). This dose adaptation must also take into account the type of VKA used (warfarin, acenocoumarol or fluindione) because of the variable risk impact, the genotype (CYP2C9 and VKORC1), and other cofactors known to influence exposure to VKAs, including: comedication (statins, sulfonamides, amiodarone, azole antifungals. . .); comorbidities (liver diseases, smoking. . .); individual factors (age, ethnic background); and environmental factors (diet. . .). Algorithms have been developed to\noptimize dosage as a function of these covariables. Indications for warfarin doses are given by genotype (VKORC1 and CYP2C9) in Table 2. The dose reduction necessary in patients heterozygous for a mutated allele is about 20—40% of the standard dose, but can reach 90% for patients with two or more mutated alleles. Furthermore, longer drug half-life is susceptible to modify the INR monitoring strategy. As an indication, good control of warfarin concentrations (and thus INR) is reached in 7—8 days in extensive metabolizers while it takes 11 days to reach equilibrium in slow metabolizers.</p>\n<p>Adapted Table 2: Suggested dosage for warfarin (mg/d) as a function of CYP2C9 and VKORC1 genotypes.</p>\n</blockquote>\n<table class=\"table\">\n<thead>\n<tr>\n<th><em>VKORC1</em> Genotype</th>\n<th><em>CYP2C9*1/*1</em></th>\n<th><em>CYP2C9*1/*2</em></th>\n<th><em>CYP2C9*1/*3</em></th>\n<th><em>CYP2C9*2/*2</em></th>\n<th><em>CYP2C9*2/*3</em></th>\n<th><em>CYP2C9*3/*3</em></th>\n</tr>\n</thead>\n<tbody>\n<tr>\n<td>GG</td>\n<td>5-7</td>\n<td>5-7</td>\n<td>3-4</td>\n<td>3-4</td>\n<td>3-4</td>\n<td>0.5-2</td>\n</tr>\n<tr>\n<td>GA</td>\n<td>5-7</td>\n<td>3-4</td>\n<td>3-4</td>\n<td>3-4</td>\n<td>0.5-2</td>\n<td>0.5-2</td>\n</tr>\n<tr>\n<td>AA</td>\n<td>3-4</td>\n<td>3-4</td>\n<td>0.5-2</td>\n<td>0.5-2</td>\n<td>0.5-2</td>\n<td>0.5-2</td>\n</tr>\n</tbody>\n</table>\n<p>Details of the RNPGx levels of recommendation for testing can be found in [Article:<a href=\"/pmid/28237404\">28237404</a>].</p>\n",
      "version" : 0
    },
    "userId" : "lgong",
    "version" : 0
  }
}